url,source_pages,http_status,final_url,request_error,interpretation,follow_up
http://budefoodfestival.co.uk/,/exciting-events-aplenty-in-bude-this-summer/,200,http://budefoodfestival.co.uk/,,HTTP success; content relevance not certified,
http://lifesabeach.info/,/the-best-bude-restaurants/,200,https://lifesabeach.info/,,HTTP success; content relevance not certified,
http://thebargebude.co.uk/,/the-best-bude-restaurants/,200,https://expireddomains.com/domain/thebargebude.co.uk,,HTTP success; content relevance not certified,
http://www.bbc.co.uk/food/programmes/b087xjtg,/the-best-bude-restaurants/,200,https://www.bbc.co.uk/food/programmes/b08htzwq/episodes,,HTTP success; content relevance not certified,
http://www.budecarnival.org.uk/,/exciting-events-aplenty-in-bude-this-summer/,200,https://www.budecarnival.org.uk/,,HTTP success; content relevance not certified,
http://www.budegolf.co.uk/,/tee-off-in-bude-and-enjoy-a-perfect-cornish-golfing-getaway/,200,https://www.budegolf.co.uk/,,HTTP success; content relevance not certified,
http://www.davidmyers.co.uk/,/bude-whats-on-guide-october-half-term-2024/,200,https://www.davidmyers.co.uk/,,HTTP success; content relevance not certified,
http://www.rectory-tearooms.co.uk/tearooms.html,/the-best-bude-restaurants/,200,http://www.rectory-tearooms.co.uk/tearooms.html,,HTTP success; content relevance not certified,
http://www.robnewman.com/,/bude-literary-festival-2026/,200,http://www.robnewman.com/,,HTTP success; content relevance not certified,
http://www.thebigsheep.co.uk/,/top-holiday-ideas-bude/,200,https://thebigsheep.co.uk/,,HTTP success; content relevance not certified,
http://www.themilkyway.co.uk/,/top-holiday-ideas-bude/,200,https://themilkyway.co.uk/,,HTTP success; content relevance not certified,
http://www.tintagelweb.co.uk/,/top-holiday-ideas-bude/,200,http://www.tintagelweb.co.uk/,,HTTP success; content relevance not certified,
http://www.woodlandsmanorfarm.ci.uk/,/top-10-reasons-why-bude-is-perfect-for-family-holidays-in-cornwall/,,,TypeError: fetch failed,incorrect business-domain spelling,Replace with the real farm domain
https://adventure.uk.com/facilities.php,/top-holiday-ideas-bude/,200,https://adventure.uk.com/facilities.php,,HTTP success; content relevance not certified,
https://bellinisdelikitchen.co.uk/,/shopping-in-bude-unique-gifts-and-independent-stores/,200,https://www.bellinisdelikitchen.co.uk/,,HTTP success; content relevance not certified,
https://bodminrailway.co.uk/,/things-to-do-in-bude/,200,https://bodminrailway.co.uk/,,HTTP success; content relevance not certified,
https://budehavenrec.com/,/things-to-do-in-bude/; /top-10-reasons-why-bude-is-perfect-for-family-holidays-in-cornwall/; /tee-off-in-bude-and-enjoy-a-perfect-cornish-golfing-getaway/,200,https://budehavenrec.com/,,HTTP success; content relevance not certified,
https://budeicecream.com/,/top-10-reasons-why-bude-is-perfect-for-family-holidays-in-cornwall/,200,https://budeicecream.com/,,HTTP success; content relevance not certified,
https://cara-hunter.com/,/bude-literary-festival-2026/,200,https://cara-hunter.com/,,HTTP success; content relevance not certified,
https://cornishcompass.com/wild-swimming-goldiggins-quarry-cornwall/,/wild-swimming-delights-near-woodlands-manor-farm/,200,https://cornishcompass.com/wild-swimming-goldiggins-quarry-cornwall/,,HTTP success; content relevance not certified,
https://cornwallatwarmuseum.co.uk/,/things-to-do-in-bude/,200,https://cornwallatwarmuseum.co.uk/index.html,,HTTP success; content relevance not certified,
https://cornwallpride.org/celebrate-pride/bude-pride,/exciting-events-aplenty-in-bude-this-summer/,404,https://cornwallpride.org/celebrate-pride/cornwall-pride-(truro),,confirmed missing response during audit,
https://crookletsbeachcafe.co.uk/,/top-10-reasons-why-bude-is-perfect-for-family-holidays-in-cornwall/,200,https://crookletsbeachcafe.co.uk/,,HTTP success; content relevance not certified,
https://explorecornwall.uk/attractions/wild-swimming-at-respryn-bridge/,/wild-swimming-delights-near-woodlands-manor-farm/,200,https://explorecornwall.uk/attractions/wild-swimming-at-respryn-bridge/,,HTTP success; content relevance not certified,
https://galewarning.org/,/bude-literary-festival-2026/,200,https://galewarning.org/,,HTTP success; content relevance not certified,
https://guide.michelin.com/en/gb/cornwall/restaurants/the-plate-michelin/page/2,/discover-the-best-glamping-spots-in-cornwall-for-2025/,202,https://guide.michelin.com/en/gb/cornwall/restaurants/the-plate-michelin/page/2,,uncertain; manual check,
https://harpercollins.co.uk/products/a-neighbours-guide-to-murder-louise-candlish?variant=55172265476475,/bude-literary-festival-2026/,200,https://harpercollins.co.uk/products/a-neighbours-guide-to-murder-louise-candlish?variant=55172265476475,,HTTP success; content relevance not certified,
https://ico.org.uk/,/privacy/,200,https://ico.org.uk/,,HTTP success; content relevance not certified,
https://laboccapizza.co.uk/,/the-best-bude-restaurants/,200,https://laboccapizza.co.uk/,,HTTP success; content relevance not certified,
https://lellalee.com/top-tips-for-newbie-glampers/,/discover-the-best-glamping-spots-in-cornwall-for-2025/,200,https://lellalee.com/top-tips-for-newbie-glampers/,,HTTP success; content relevance not certified,
https://lifesabeach.info/,/places-to-eat-in-bude/; /bude-whats-on-guide-october-half-term-2024/,200,https://lifesabeach.info/,,HTTP success; content relevance not certified,
https://maps.app.goo.gl/CUDSFvUtqPuTt6zs6,/; /contact-us/; /about-woodlands-manor-farm-holiday-cottages-with-a-pool/; /budhyn-yurt/; /bude-holiday-cottages/; /experiences-weddings-events/; /dog-friendly-holiday-cottages-bude/; /fenton-yurt/; /dog-rules/; /jasmine-cottage/; /holiday-cottage-direct-booking-woodlands-cornwall/; /honeysuckle-cottage/; /holiday-cottage-inventory/; /places-to-eat-in-bude/; /on-the-farm/; /lavender-cottage/; /news/; /special-offers/; /privacy/; /rose-cottage/; /reviews/; /the-little-extras/; /terms-conditions/; /the-coach-house/; /the-animals-at-woodlands/; /website-terms/; /things-to-do-in-bude/; /the-manor-house/; /the-stables/; /bude-literary-festival-2026/; /yurts/; /woodlands-manor-farm-wins-6-booking-com-traveller-choice-awards/; /what-our-visitors-say-about-their-stay-at-woodlands-manor-farm/; /the-magic-of-feed-the-animals/; /bush-inn-morwenstow-best-pub-cornwall/; /shopping-in-bude-unique-gifts-and-independent-stores/; /christmas-in-bude-2025/; /summerleaze-beach-top-20-uk-beach-l/; /the-best-bude-restaurants/; /sea-fishing-with-alastair-james-charters/; /top-10-reasons-why-bude-is-perfect-for-family-holidays-in-cornwall/; /wild-swimming-delights-near-woodlands-manor-farm/; /bude-whats-on-guide-october-half-term-2024/; /top-holiday-ideas-bude/; /discover-the-best-glamping-spots-in-cornwall-for-2025/; /experience-an-unforgettable-family-winter-break/; /tee-off-in-bude-and-enjoy-a-perfect-cornish-golfing-getaway/; /alpaca-walking-woodlands-manor-farm/; /discover-the-breathtaking-cycling-routes-of-north-cornwall/; /exciting-events-aplenty-in-bude-this-summer/; /our-brand-new-yurts-are-now-open/,200,"https://www.google.com/maps/place/Woodlands+Manor+Farm/@50.885776,-4.5134467,17z/data=!3m1!4b1!4m9!3m8!1s0x486c747e0f0e93e5:0x212b941c43aa9d53!5m2!4m1!1i2!8m2!3d50.8857761!4d-4.5085812!16s%2Fg%2F1wfvm1yt?coh=210790&entry=tts&ucbcb=1",,HTTP success; content relevance not certified,
https://monsterslipandslide.com/,/top-10-reasons-why-bude-is-perfect-for-family-holidays-in-cornwall/; /top-holiday-ideas-bude/,200,https://monsterslipandslide.com/,,HTTP success; content relevance not certified,
https://nigelplaner.co.uk/,/bude-literary-festival-2026/,200,https://nigelplaner.co.uk/,,HTTP success; content relevance not certified,
https://northcoastarts.co.uk/events/bude-literary-festival-wed-13-sun-17-may-2026/,/bude-literary-festival-2026/,404,https://northcoastarts.co.uk/events/bude-literary-festival-wed-13-sun-17-may-2026/,,confirmed missing response during audit,
https://nybreakings.co.uk/john-crace-british-political-satire-profile/,/bude-literary-festival-2026/,200,https://nybreakings.co.uk/john-crace-british-political-satire-profile/,,HTTP success; content relevance not certified,
https://olivetreebude.co.uk/,/the-best-bude-restaurants/,200,https://www.olivetreebude.co.uk/,,HTTP success; content relevance not certified,
https://padstowlive.com/,/things-to-do-in-bude/,200,https://padstowlive.com/,,HTTP success; content relevance not certified,
https://prestongateinn.co.uk/,/bush-inn-morwenstow-best-pub-cornwall/; /the-best-bude-restaurants/; /top-10-reasons-why-bude-is-perfect-for-family-holidays-in-cornwall/; /top-holiday-ideas-bude/,200,https://prestongateinn.co.uk/,,HTTP success; content relevance not certified,
https://refillshop.co.uk/,/shopping-in-bude-unique-gifts-and-independent-stores/,,,TypeError: fetch failed,uncertain; manual check,
https://rnli.org/find-my-nearest/lifeboat-stations/bude-lifeboat-station,/summerleaze-beach-top-20-uk-beach-l/,403,https://rnli.org/find-my-nearest/lifeboat-stations/bude-lifeboat-station,,uncertain; manual check,Access denied may be bot protection; do not assume destination is broken
https://rosieskitchen.co.uk/,/the-best-bude-restaurants/; /top-10-reasons-why-bude-is-perfect-for-family-holidays-in-cornwall/,200,https://rosieskitchen.co.uk/,,HTTP success; content relevance not certified,
https://seventhwavegallery.co.uk/,/shopping-in-bude-unique-gifts-and-independent-stores/,200,https://seventhwavegallery.co.uk/,,HTTP success; content relevance not certified,
https://spencerthorn.com/,/shopping-in-bude-unique-gifts-and-independent-stores/,200,https://spencerthorn.com/,,HTTP success; content relevance not certified,
https://stmichaelsmount.co.uk/,/discover-the-best-glamping-spots-in-cornwall-for-2025/,200,https://stmichaelsmount.co.uk/,,HTTP success; content relevance not certified,
https://thebigsheep.co.uk/,/things-to-do-in-bude/,200,https://thebigsheep.co.uk/,,HTTP success; content relevance not certified,
https://thebushinn.co.uk/,/places-to-eat-in-bude/,,,TypeError: fetch failed,uncertain; manual check,HTTPS request failed; verified official destination is www.thebushinnmorwenstow.com
https://thecrustpizza.co.uk/,/the-best-bude-restaurants/,200,https://tadaramen.com/,,HTTP success; content relevance not certified,
https://thedeckbude.co.uk/,/the-best-bude-restaurants/,200,https://www.thebeachatbude.co.uk/,,HTTP success; content relevance not certified,
https://thehidestudiocornwall.co.uk/wood-turning/,/top-holiday-ideas-bude/,526,https://thehidestudiocornwall.co.uk/wood-turning/,,uncertain; manual check,TLS error response during audit; recheck directly
https://thevenuebude.co.uk/,/bude-whats-on-guide-october-half-term-2024/; /top-holiday-ideas-bude/,200,https://www.thevenuebude.co.uk/,,HTTP success; content relevance not certified,
https://tools.google.com/dlpage/gaoptout,/privacy/,200,https://tools.google.com/dlpage/gaoptout,,HTTP success; content relevance not certified,
https://trethornegolfclub.com/,/tee-off-in-bude-and-enjoy-a-perfect-cornish-golfing-getaway/,200,https://trethornegolfclub.com/,,HTTP success; content relevance not certified,
https://wildwoodcornwall.co.uk/,/shopping-in-bude-unique-gifts-and-independent-stores/,200,https://www.wildwoodcornwall.co.uk/,,HTTP success; content relevance not certified,
https://wmfarmprod.wpenginepowered.com/cottages/,/summerleaze-beach-top-20-uk-beach-l/,404,https://wmfarmprod.wpenginepowered.com/cottages/,,confirmed missing response during audit,
https://wmfarmprod.wpenginepowered.com/woodlands-manor-farm-local-beaches/,/the-best-bude-restaurants/,200,https://wmfarmprod.wpenginepowered.com/woodlands-manor-farm-local-beaches/,,HTTP success; content relevance not certified,
https://wmfarmprod.wpenginepowered.com/yurts/,/experience-an-unforgettable-family-winter-break/; /alpaca-walking-woodlands-manor-farm/; /our-brand-new-yurts-are-now-open/,404,https://wmfarmprod.wpenginepowered.com/yurts/,,confirmed missing response during audit,
https://www.2ndlyfe.co.uk/,/shopping-in-bude-unique-gifts-and-independent-stores/,200,https://2ndlyfe.co.uk/,,HTTP success; content relevance not certified,
https://www.adeleparks.com/our-beautiful-mess,/bude-literary-festival-2026/,200,https://www.adeleparks.com/our-beautiful-mess,,HTTP success; content relevance not certified,
https://www.airbnb.co.uk/cornwall-england/stays/shepherds-huts,/discover-the-best-glamping-spots-in-cornwall-for-2025/,200,https://www.airbnb.co.uk/cornwall-england/stays/shepherds-huts,,HTTP success; content relevance not certified,
https://www.animal.co.uk/,/shopping-in-bude-unique-gifts-and-independent-stores/,200,https://www.animal.co.uk/,,HTTP success; content relevance not certified,
https://www.annscottage.com/,/shopping-in-bude-unique-gifts-and-independent-stores/,200,https://www.annscottage.com/,,HTTP success; content relevance not certified,
https://www.beachhousewidemouth.co.uk/,/bude-whats-on-guide-october-half-term-2024/,200,https://www.beachhousewidemouth.co.uk/,,HTTP success; content relevance not certified,
https://www.better.org.uk/leisure-centre/cornwall/bude-leisure-centre,/bude-whats-on-guide-october-half-term-2024/,200,https://www.better.org.uk/leisure-centre/cornwall/bude-leisure-centre,,HTTP success; content relevance not certified,
https://www.better.org.uk/leisure-centre/cornwall/bude-leisure-centre/swimming-bude-leisure-centre,/top-10-reasons-why-bude-is-perfect-for-family-holidays-in-cornwall/,200,https://www.better.org.uk/leisure-centre/cornwall/bude-leisure-centre/swimming,,HTTP success; content relevance not certified,
https://www.bigbluesurfschool.com/?gclid=CjwKCAjwmYCzBhA6EiwAxFwfgOJNolL98nXgUzQI0dRAsoljF5Y_-Gr8akXF64pgOGsbZVNDrFEuwhoCsFoQAvD_BwE,/discover-the-best-glamping-spots-in-cornwall-for-2025/,200,https://www.bigbluesurfschool.com/?gclid=CjwKCAjwmYCzBhA6EiwAxFwfgOJNolL98nXgUzQI0dRAsoljF5Y_-Gr8akXF64pgOGsbZVNDrFEuwhoCsFoQAvD_BwE,,HTTP success; content relevance not certified,
https://www.blushbude.com/,/discover-the-best-glamping-spots-in-cornwall-for-2025/,200,https://www.blushbude.com/,,HTTP success; content relevance not certified,
https://www.booking.com/traveller-review-awards/index.en-gb.html,/woodlands-manor-farm-wins-6-booking-com-traveller-choice-awards/,200,https://www.booking.com/traveller-review-awards/index.en-gb.html,,HTTP success; content relevance not certified,
https://www.bude-stratton.gov.uk/your-parks-green-spaces/pitch-putt/,/tee-off-in-bude-and-enjoy-a-perfect-cornish-golfing-getaway/,200,https://www.bude-stratton.gov.uk/pitch-putt-open/,,HTTP success; content relevance not certified,
https://www.budeful.com/,/shopping-in-bude-unique-gifts-and-independent-stores/,200,https://www.budeful.com/,,HTTP success; content relevance not certified,
https://www.budejazzfestival.info/,/exciting-events-aplenty-in-bude-this-summer/,200,https://www.budejazzfestival.info/,,HTTP success; content relevance not certified,
https://www.budeseapool.org/,/things-to-do-in-bude/; /summerleaze-beach-top-20-uk-beach-l/; /wild-swimming-delights-near-woodlands-manor-farm/; /bude-whats-on-guide-october-half-term-2024/,200,https://www.budeseapool.org/,,HTTP success; content relevance not certified,
https://www.budeseapool.org/faqs/,/top-10-reasons-why-bude-is-perfect-for-family-holidays-in-cornwall/,200,https://www.budeseapool.org/faqs/,,HTTP success; content relevance not certified,
https://www.campsites.co.uk/search/safari-tents-in-cornwall,/discover-the-best-glamping-spots-in-cornwall-for-2025/,200,https://www.campsites.co.uk/search/safari-tents-in-cornwall,,HTTP success; content relevance not certified,
https://www.canopyandstars.co.uk/find-your-wild/inspiration/what-to-pack-for-a-glamping-staycation/,/discover-the-best-glamping-spots-in-cornwall-for-2025/,200,https://www.canopyandstars.co.uk/find-your-wild/inspiration/what-to-pack-for-a-glamping-staycation/,,HTTP success; content relevance not certified,
https://www.clovelly.co.uk/,/things-to-do-in-bude/; /top-10-reasons-why-bude-is-perfect-for-family-holidays-in-cornwall/,200,https://www.clovelly.co.uk/,,HTTP success; content relevance not certified,
https://www.clovellyfishingtrips.co.uk/,/sea-fishing-with-alastair-james-charters/,200,https://www.clovellyfishingtrips.co.uk/,,HTTP success; content relevance not certified,
https://www.cntraveller.com/gallery/best-restaurants-in-cornwall,/discover-the-best-glamping-spots-in-cornwall-for-2025/,200,https://www.cntraveller.com/gallery/best-restaurants-in-cornwall,,HTTP success; content relevance not certified,
https://www.coombebartoninn.com/,/places-to-eat-in-bude/,,,TypeError: fetch failed,hostname lookup failed independently,DNS ENOTFOUND confirmed during audit
https://www.cornishsecrets.co.uk/guide/50-best-pubs-bars-cornwall/,/bush-inn-morwenstow-best-pub-cornwall/,200,https://www.cornishsecrets.co.uk/guide/50-best-pubs-bars-cornwall/,,HTTP success; content relevance not certified,
https://www.curtisbrown.co.uk/client/grace-spence-green,/bude-literary-festival-2026/,200,https://www.curtisbrown.co.uk/client/grace-spence-green,,HTTP success; content relevance not certified,
https://www.edenproject.com/,/things-to-do-in-bude/; /bude-whats-on-guide-october-half-term-2024/; /discover-the-best-glamping-spots-in-cornwall-for-2025/,200,https://www.edenproject.com/,,HTTP success; content relevance not certified,
https://www.electricbakery.co/,/the-best-bude-restaurants/,200,https://www.electricbakery.co/,,HTTP success; content relevance not certified,
https://www.elements-life.info/,/the-best-bude-restaurants/,200,https://www.elements-life.info/,,HTTP success; content relevance not certified,
https://www.english-heritage.org.uk/visit/places/tintagel-castle/,/things-to-do-in-bude/; /top-10-reasons-why-bude-is-perfect-for-family-holidays-in-cornwall/; /bude-whats-on-guide-october-half-term-2024/; /discover-the-best-glamping-spots-in-cornwall-for-2025/,200,https://www.english-heritage.org.uk/visit/places/tintagel-castle/,,HTTP success; content relevance not certified,
https://www.exmoorzoo.co.uk/?utm_campaign=General&utm_source=google&utm_medium=ppc&utm_term=zoo%20exmoor&utm_content=4269422-e1-ng-me-c20207638539-g150398515395-a660165970308-uCjwKCAjwnei0BhB-EiwAA2xuBnSJ7rMC3fui9b8yBVVztP-9fpH9A13YygGfgWqHgyIReiKE4rlG2hoCAxsQAvD_BwE-cat11362450-kzoo%20exmoor-modexmoor&gad_source=1&gclid=CjwKCAjwnei0BhB-EiwAA2xuBnSJ7rMC3fui9b8yBVVztP-9fpH9A13YygGfgWqHgyIReiKE4rlG2hoCAxsQAvD_BwE,/bude-whats-on-guide-october-half-term-2024/,200,https://www.exmoorzoo.co.uk/?utm_campaign=General&utm_source=google&utm_medium=ppc&utm_term=zoo%20exmoor&utm_content=4269422-e1-ng-me-c20207638539-g150398515395-a660165970308-uCjwKCAjwnei0BhB-EiwAA2xuBnSJ7rMC3fui9b8yBVVztP-9fpH9A13YygGfgWqHgyIReiKE4rlG2hoCAxsQAvD_BwE-cat11362450-kzoo%20exmoor-modexmoor&gad_source=1&gclid=CjwKCAjwnei0BhB-EiwAA2xuBnSJ7rMC3fui9b8yBVVztP-9fpH9A13YygGfgWqHgyIReiKE4rlG2hoCAxsQAvD_BwE,,HTTP success; content relevance not certified,
https://www.facebook.com/BudeCanal/,/bude-whats-on-guide-october-half-term-2024/,200,https://www.facebook.com/BudeCanal/,,HTTP success; content relevance not certified,
https://www.facebook.com/HartlandFarmersMarketUK/,/top-holiday-ideas-bude/,200,https://www.facebook.com/HartlandFarmersMarketUK/,,HTTP success; content relevance not certified,
https://www.facebook.com/crackington.farmers.market/,/christmas-in-bude-2025/,200,https://www.facebook.com/crackington.farmers.market/,,HTTP success; content relevance not certified,
https://www.facebook.com/kernowfleece,/shopping-in-bude-unique-gifts-and-independent-stores/,200,https://www.facebook.com/kernowfleece,,HTTP success; content relevance not certified,
https://www.facebook.com/lucasandrosebude,/shopping-in-bude-unique-gifts-and-independent-stores/,200,https://www.facebook.com/lucasandrosebude,,HTTP success; content relevance not certified,
https://www.facebook.com/thebarrelatbude/?locale=en_GB,/bush-inn-morwenstow-best-pub-cornwall/,200,https://www.facebook.com/thebarrelatbude/?locale=en_GB,,HTTP success; content relevance not certified,
https://www.facebook.com/woodlandsmanorfarm.co.uk/,/; /contact-us/; /about-woodlands-manor-farm-holiday-cottages-with-a-pool/; /budhyn-yurt/; /bude-holiday-cottages/; /experiences-weddings-events/; /dog-friendly-holiday-cottages-bude/; /fenton-yurt/; /dog-rules/; /jasmine-cottage/; /holiday-cottage-direct-booking-woodlands-cornwall/; /honeysuckle-cottage/; /holiday-cottage-inventory/; /places-to-eat-in-bude/; /on-the-farm/; /lavender-cottage/; /news/; /special-offers/; /privacy/; /rose-cottage/; /reviews/; /the-little-extras/; /terms-conditions/; /the-coach-house/; /the-animals-at-woodlands/; /website-terms/; /things-to-do-in-bude/; /the-manor-house/; /the-stables/; /bude-literary-festival-2026/; /yurts/; /woodlands-manor-farm-wins-6-booking-com-traveller-choice-awards/; /what-our-visitors-say-about-their-stay-at-woodlands-manor-farm/; /the-magic-of-feed-the-animals/; /bush-inn-morwenstow-best-pub-cornwall/; /shopping-in-bude-unique-gifts-and-independent-stores/; /christmas-in-bude-2025/; /summerleaze-beach-top-20-uk-beach-l/; /the-best-bude-restaurants/; /sea-fishing-with-alastair-james-charters/; /top-10-reasons-why-bude-is-perfect-for-family-holidays-in-cornwall/; /wild-swimming-delights-near-woodlands-manor-farm/; /bude-whats-on-guide-october-half-term-2024/; /top-holiday-ideas-bude/; /discover-the-best-glamping-spots-in-cornwall-for-2025/; /experience-an-unforgettable-family-winter-break/; /tee-off-in-bude-and-enjoy-a-perfect-cornish-golfing-getaway/; /alpaca-walking-woodlands-manor-farm/; /discover-the-breathtaking-cycling-routes-of-north-cornwall/; /exciting-events-aplenty-in-bude-this-summer/; /our-brand-new-yurts-are-now-open/,200,https://www.facebook.com/woodlandsmanorfarm.co.uk/,,HTTP success; content relevance not certified,
https://www.google.com/search?q=google+reviews+woodlands+manor+farm+animals+feeding&rlz=1C5GCEM_enGB1126GB1136&oq=google+reviews+woodlands+manor+farm+animals+feeding+&gs_lcrp=EgZjaHJvbWUyBggAEEUYOTIGCAEQRRhA0gEKMTI0NDRqMGoxNagCCLACAfEFgvmfu68QZ-o&sourceid=chrome&ie=UTF-8,/the-magic-of-feed-the-animals/,200,https://www.google.com/search?q=google+reviews+woodlands+manor+farm+animals+feeding&rlz=1C5GCEM_enGB1126GB1136&oq=google+reviews+woodlands+manor+farm+animals+feeding+&gs_lcrp=EgZjaHJvbWUyBggAEEUYOTIGCAEQRRhA0gEKMTI0NDRqMGoxNagCCLACAfEFgvmfu68QZ-o&sourceid=chrome&ie=UTF-8&ucbcb=1,,HTTP success; content relevance not certified,
https://www.harrybaker.co/,/bude-literary-festival-2026/,200,https://www.harrybaker.co/,,HTTP success; content relevance not certified,
https://www.heligan.com/,/things-to-do-in-bude/; /bude-whats-on-guide-october-half-term-2024/,200,https://www.heligan.com/,,HTTP success; content relevance not certified,
https://www.holsworthygolfclub.co.uk/,/tee-off-in-bude-and-enjoy-a-perfect-cornish-golfing-getaway/,200,https://www.holsworthygolfclub.co.uk/,,HTTP success; content relevance not certified,
https://www.instagram.com/p/DXMz1eNjfeJ/,/bude-literary-festival-2026/,200,https://www.instagram.com/p/DXMz1eNjfeJ/,,HTTP success; content relevance not certified,
https://www.instagram.com/woodlandsmanorfarm/,/; /contact-us/; /about-woodlands-manor-farm-holiday-cottages-with-a-pool/; /budhyn-yurt/; /bude-holiday-cottages/; /experiences-weddings-events/; /dog-friendly-holiday-cottages-bude/; /fenton-yurt/; /dog-rules/; /jasmine-cottage/; /holiday-cottage-direct-booking-woodlands-cornwall/; /honeysuckle-cottage/; /holiday-cottage-inventory/; /places-to-eat-in-bude/; /on-the-farm/; /lavender-cottage/; /news/; /special-offers/; /privacy/; /rose-cottage/; /reviews/; /the-little-extras/; /terms-conditions/; /the-coach-house/; /the-animals-at-woodlands/; /website-terms/; /things-to-do-in-bude/; /the-manor-house/; /the-stables/; /bude-literary-festival-2026/; /yurts/; /woodlands-manor-farm-wins-6-booking-com-traveller-choice-awards/; /what-our-visitors-say-about-their-stay-at-woodlands-manor-farm/; /the-magic-of-feed-the-animals/; /bush-inn-morwenstow-best-pub-cornwall/; /shopping-in-bude-unique-gifts-and-independent-stores/; /christmas-in-bude-2025/; /summerleaze-beach-top-20-uk-beach-l/; /the-best-bude-restaurants/; /sea-fishing-with-alastair-james-charters/; /top-10-reasons-why-bude-is-perfect-for-family-holidays-in-cornwall/; /wild-swimming-delights-near-woodlands-manor-farm/; /bude-whats-on-guide-october-half-term-2024/; /top-holiday-ideas-bude/; /discover-the-best-glamping-spots-in-cornwall-for-2025/; /experience-an-unforgettable-family-winter-break/; /tee-off-in-bude-and-enjoy-a-perfect-cornish-golfing-getaway/; /alpaca-walking-woodlands-manor-farm/; /discover-the-breathtaking-cycling-routes-of-north-cornwall/; /exciting-events-aplenty-in-bude-this-summer/; /our-brand-new-yurts-are-now-open/,200,https://www.instagram.com/woodlandsmanorfarm/,,HTTP success; content relevance not certified,
https://www.ivyleafgolf.com/,/tee-off-in-bude-and-enjoy-a-perfect-cornish-golfing-getaway/,200,https://www.ivyleafgolf.com/,,HTTP success; content relevance not certified,
https://www.janetstreetporter.com/,/bude-literary-festival-2026/,200,https://www.janetstreetporter.com/,,HTTP success; content relevance not certified,
https://www.kentsofcornwall.com/,/our-brand-new-yurts-are-now-open/,200,https://kentsofcornwall.com/,,HTTP success; content relevance not certified,
https://www.mountainwarehouse.com/,/shopping-in-bude-unique-gifts-and-independent-stores/,200,https://www.mountainwarehouse.com/,,HTTP success; content relevance not certified,
https://www.nationaltrust.org.uk/duckpool,/summerleaze-beach-top-20-uk-beach-l/; /our-brand-new-yurts-are-now-open/,200,https://www.nationaltrust.org.uk/visit/cornwall/duckpool,,HTTP success; content relevance not certified,
https://www.nationaltrust.org.uk/sandymouth,/our-brand-new-yurts-are-now-open/,200,https://www.nationaltrust.org.uk/visit/cornwall/sandymouth,,HTTP success; content relevance not certified,
https://www.nationaltrust.org.uk/visit/cornwall/duckpool,/summerleaze-beach-top-20-uk-beach-l/; /top-10-reasons-why-bude-is-perfect-for-family-holidays-in-cornwall/,200,https://www.nationaltrust.org.uk/visit/cornwall/duckpool,,HTTP success; content relevance not certified,
https://www.nationaltrust.org.uk/visit/cornwall/northcott-mouth,/summerleaze-beach-top-20-uk-beach-l/; /top-10-reasons-why-bude-is-perfect-for-family-holidays-in-cornwall/,200,https://www.nationaltrust.org.uk/visit/cornwall/northcott-mouth,,HTTP success; content relevance not certified,
https://www.nationaltrust.org.uk/visit/cornwall/sandymouth,/summerleaze-beach-top-20-uk-beach-l/,200,https://www.nationaltrust.org.uk/visit/cornwall/sandymouth,,HTTP success; content relevance not certified,
https://www.northcoastwinelounge.co.uk/,/bush-inn-morwenstow-best-pub-cornwall/; /discover-the-best-glamping-spots-in-cornwall-for-2025/,200,https://www.northcoastwinelounge.co.uk/,,HTTP success; content relevance not certified,
https://www.northcoastwinelounge.co.uk/thebarstool,/discover-the-best-glamping-spots-in-cornwall-for-2025/,200,https://www.northcoastwinelounge.co.uk/thebarstool,,HTTP success; content relevance not certified,
https://www.northdevonwakepark.co.uk/,/top-holiday-ideas-bude/,200,https://www.northdevonwakepark.co.uk/,,HTTP success; content relevance not certified,
https://www.oliveandco-bude.co.uk/,/places-to-eat-in-bude/,,,TypeError: fetch failed,hostname lookup failed independently,DNS ENOTFOUND confirmed during audit
https://www.olivetreebude.co.uk/,/bude-whats-on-guide-october-half-term-2024/,200,https://www.olivetreebude.co.uk/,,HTTP success; content relevance not certified,
https://www.parkrun.org.uk/tamarlakes/,/top-10-reasons-why-bude-is-perfect-for-family-holidays-in-cornwall/,403,https://www.parkrun.org.uk/tamarlakes/,,uncertain; manual check,Access denied may be bot protection; do not assume destination is broken
https://www.pattardrestaurant.co.uk/,/the-best-bude-restaurants/,200,https://www.pattardrestaurant.co.uk/,,HTTP success; content relevance not certified,
https://www.peacocks.co.uk/,/shopping-in-bude-unique-gifts-and-independent-stores/,200,https://www.peacocks.co.uk/,,HTTP success; content relevance not certified,
https://www.penguin.co.uk/books/463358/the-leopard-in-my-house-by-steel-mark/9781529941036,/bude-literary-festival-2026/,200,https://www.penguin.co.uk/books/463358/the-leopard-in-my-house-by-steel-mark/9781529941036,,HTTP success; content relevance not certified,
https://www.pitchup.com/search/England/South_West/Cornwall/Bude/?type=13&type=7,/discover-the-best-glamping-spots-in-cornwall-for-2025/,403,https://www.pitchup.com/search/England/South_West/Cornwall/Bude/?type=13&type=7,,uncertain; manual check,Access denied may be bot protection; do not assume destination is broken
https://www.pottersfishnthings.co.uk/,/the-best-bude-restaurants/,200,https://www.pottersfishnthings.co.uk/,,HTTP success; content relevance not certified,
https://www.quba.com/,/shopping-in-bude-unique-gifts-and-independent-stores/,200,https://www.quba.com/,,HTTP success; content relevance not certified,
https://www.rebelcinema.co.uk/,/bude-whats-on-guide-october-half-term-2024/; /top-holiday-ideas-bude/,403,https://www.rebelcinema.co.uk/,,uncertain; manual check,Access denied may be bot protection; do not assume destination is broken
https://www.rhs.org.uk/gardens/rosemoor/whats-on/rosemoor-glow,/christmas-in-bude-2025/,404,https://www.rhs.org.uk/gardens/rosemoor/whats-on/rosemoor-glow,,confirmed missing response during audit,
https://www.rhs.org.uk/gardens/rosemoor?utm_source=google&utm_medium=cpc&utm_campaign=20406277102&utm_adgroup=&utm_term=&utm_content=&gad_source=1&gclid=CjwKCAjwnei0BhB-EiwAA2xuBkZA-UbgEJDQcVup9UnlJorvOt0xQw05gtyAiS1Wy9Bk2lEGSx1dKRoCpCgQAvD_BwE&gclsrc=aw.ds,/bude-whats-on-guide-october-half-term-2024/,404,https://www.rhs.org.uk/gardens/rosemoor?utm_source=google&utm_medium=cpc&utm_campaign=20406277102&utm_adgroup=&utm_term=&utm_content=&gad_source=1&gclid=CjwKCAjwnei0BhB-EiwAA2xuBkZA-UbgEJDQcVup9UnlJorvOt0xQw05gtyAiS1Wy9Bk2lEGSx1dKRoCpCgQAvD_BwE&gclsrc=aw.ds,,confirmed missing response during audit,
https://www.royalnorthdevongolfclub.co.uk/,/tee-off-in-bude-and-enjoy-a-perfect-cornish-golfing-getaway/,200,https://www.royalnorthdevongolfclub.co.uk/,,HTTP success; content relevance not certified,
https://www.saltrock.com/,/shopping-in-bude-unique-gifts-and-independent-stores/,200,https://www.saltrock.com/,,HTTP success; content relevance not certified,
https://www.saltwatersafari.co.uk/,/top-10-reasons-why-bude-is-perfect-for-family-holidays-in-cornwall/,200,https://www.saltwatersafari.co.uk/,,HTTP success; content relevance not certified,
https://www.sandymouthcafe.co.uk/,/places-to-eat-in-bude/,,,TypeError: fetch failed,hostname lookup failed independently,DNS ENOTFOUND confirmed during audit
https://www.skernlodge.com/,/top-holiday-ideas-bude/,200,https://www.skernadventure.co.uk/,,HTTP success; content relevance not certified,
https://www.southwestcoastpath.org.uk/,/top-10-reasons-why-bude-is-perfect-for-family-holidays-in-cornwall/; /bude-whats-on-guide-october-half-term-2024/; /discover-the-best-glamping-spots-in-cornwall-for-2025/; /our-brand-new-yurts-are-now-open/,403,https://www.southwestcoastpath.org.uk/,,uncertain; manual check,Access denied may be bot protection; do not assume destination is broken
https://www.st-nectansglen.co.uk/,/things-to-do-in-bude/; /wild-swimming-delights-near-woodlands-manor-farm/,,,TimeoutError: The operation was aborted due to timeout,uncertain; manual check,HTTP crawl timed out; official site was separately reachable through web lookup
https://www.swlakestrust.org.uk/tamar,/top-10-reasons-why-bude-is-perfect-for-family-holidays-in-cornwall/,200,https://www.swlakestrust.org.uk/tamar,,HTTP success; content relevance not certified,
https://www.teyluglass.co.uk/,/things-to-do-in-bude/,,,TypeError: fetch failed,hostname lookup failed independently,DNS ENOTFOUND confirmed during audit
https://www.teyrfineart.co.uk/,/shopping-in-bude-unique-gifts-and-independent-stores/,200,https://www.teyrfineart.co.uk/,,HTTP success; content relevance not certified,
https://www.the-unthanks.com/,/bude-literary-festival-2026/,200,https://www.the-unthanks.com/,,HTTP success; content relevance not certified,
https://www.thebankatbude.com/,/the-best-bude-restaurants/,200,https://thebankatbude.com/,,HTTP success; content relevance not certified,
https://www.thebigsheep.co.uk/,/top-10-reasons-why-bude-is-perfect-for-family-holidays-in-cornwall/; /bude-whats-on-guide-october-half-term-2024/; /top-holiday-ideas-bude/,200,https://thebigsheep.co.uk/,,HTTP success; content relevance not certified,
https://www.thebushinnmorwenstow.com/,/bush-inn-morwenstow-best-pub-cornwall/; /top-10-reasons-why-bude-is-perfect-for-family-holidays-in-cornwall/; /top-holiday-ideas-bude/,200,https://www.thebushinnmorwenstow.com/,,HTTP success; content relevance not certified,
https://www.thebushinnmorwenstow.com/https://www.thebushinnmorwenstow.com/,/the-best-bude-restaurants/,404,https://www.thebushinnmorwenstow.com/https:/www.thebushinnmorwenstow.com,,confirmed missing response during audit,
https://www.thecastlebude.co.uk/,/places-to-eat-in-bude/; /things-to-do-in-bude/; /shopping-in-bude-unique-gifts-and-independent-stores/; /top-10-reasons-why-bude-is-perfect-for-family-holidays-in-cornwall/; /bude-whats-on-guide-october-half-term-2024/,200,https://www.thecastlebude.co.uk/,,HTTP success; content relevance not certified,
https://www.thecastlebude.co.uk/an-enchanted-christmas/,/christmas-in-bude-2025/,404,https://www.thecastlebude.co.uk/an-enchanted-christmas/,,confirmed missing response during audit,
https://www.thecastlebude.co.uk/events-at-the-castle-bude/,/bude-whats-on-guide-october-half-term-2024/,404,https://www.thecastlebude.co.uk/events-at-the-castle-bude/,,confirmed missing response during audit,
https://www.thekitchenfront.co.uk/,/bude-whats-on-guide-october-half-term-2024/,200,https://www.thekitchenfront.co.uk/,,HTTP success; content relevance not certified,
https://www.themilkyway.co.uk/,/things-to-do-in-bude/; /top-10-reasons-why-bude-is-perfect-for-family-holidays-in-cornwall/; /bude-whats-on-guide-october-half-term-2024/; /top-holiday-ideas-bude/,200,https://themilkyway.co.uk/,,HTTP success; content relevance not certified,
https://www.theoldsmithyinn.co.uk/,/top-holiday-ideas-bude/,200,https://theoldsmithyinn.co.uk/,,HTTP success; content relevance not certified,
https://www.thetimes.com/travel/destinations/uk-travel/best-beaches-uk-b5b2krtp7,/summerleaze-beach-top-20-uk-beach-l/,200,https://www.thetimes.com/travel/destinations/uk-travel/best-beaches-uk-2026-c5pfh873g,,HTTP success; content relevance not certified,
https://www.trespass.com/,/shopping-in-bude-unique-gifts-and-independent-stores/,200,https://www.trespass.com/,,HTTP success; content relevance not certified,
https://www.tripadvisor.co.uk/Attractions-g186234-Activities-c61-Cornwall_England.html,/discover-the-best-glamping-spots-in-cornwall-for-2025/,403,https://www.tripadvisor.co.uk/Attractions-g186234-Activities-c61-Cornwall_England.html,,uncertain; manual check,Access denied may be bot protection; do not assume destination is broken
https://www.tripadvisor.com/Hotel_Review-g190804-d1676332-Reviews-Woodlands_Manor_Farm-Bude_Bude_Stratton_Cornwall_England.html,/,403,https://www.tripadvisor.com/Hotel_Review-g190804-d1676332-Reviews-Woodlands_Manor_Farm-Bude_Bude_Stratton_Cornwall_England.html,,uncertain; manual check,Access denied may be bot protection; do not assume destination is broken
https://www.visitbude.info/,/summerleaze-beach-top-20-uk-beach-l/,200,https://www.visitbude.info/,,HTTP success; content relevance not certified,
https://www.visitbude.info/beaches/crooklets-beach/,/summerleaze-beach-top-20-uk-beach-l/; /top-10-reasons-why-bude-is-perfect-for-family-holidays-in-cornwall/,200,https://www.visitbude.info/beaches/crooklets-beach/,,HTTP success; content relevance not certified,
https://www.visitbude.info/beaches/sandymouth-beach/,/top-10-reasons-why-bude-is-perfect-for-family-holidays-in-cornwall/,200,https://www.visitbude.info/beaches/sandymouth-beach/,,HTTP success; content relevance not certified,
https://www.visitbude.info/beaches/summerleaze-beach/,/summerleaze-beach-top-20-uk-beach-l/; /top-10-reasons-why-bude-is-perfect-for-family-holidays-in-cornwall/,200,https://www.visitbude.info/beaches/summerleaze-beach/,,HTTP success; content relevance not certified,
https://www.visitbude.info/directory/the-merchantman/,/shopping-in-bude-unique-gifts-and-independent-stores/,200,https://www.visitbude.info/directory/the-merchantman/,,HTTP success; content relevance not certified,
https://www.visitbude.info/dog-friendly-beaches-in-bude/,/dog-friendly-holiday-cottages-bude/; /summerleaze-beach-top-20-uk-beach-l/; /top-10-reasons-why-bude-is-perfect-for-family-holidays-in-cornwall/,200,https://www.visitbude.info/dog-friendly-beaches-in-bude/,,HTTP success; content relevance not certified,
https://www.visitbude.info/event/breaking-out-art-exhibition/2024-10-26/,/bude-whats-on-guide-october-half-term-2024/,404,https://www.visitbude.info/event/breaking-out-art-exhibition/2024-10-26/,,confirmed missing response during audit,
https://www.visitbude.info/event/christmas-day-swim/2025-12-25/,/christmas-in-bude-2025/,200,https://www.visitbude.info/events/,,HTTP success; content relevance not certified,
https://www.visitbude.info/event/circus-funtasia/2024-10-28/,/bude-whats-on-guide-october-half-term-2024/,404,https://www.visitbude.info/event/circus-funtasia/2024-10-28/,,confirmed missing response during audit,
https://www.visitbude.info/event/open-studio/,/bude-whats-on-guide-october-half-term-2024/,410,https://www.visitbude.info/event/open-studio/,,confirmed missing response during audit,
https://www.visitbude.info/event/the-best-of-grohl-the-carriers-inn-bude/,/bude-whats-on-guide-october-half-term-2024/,404,https://www.visitbude.info/event/the-best-of-grohl-the-carriers-inn-bude/,,confirmed missing response during audit,
https://www.visitbude.info/event/the-falcon-hotel-christmas-carols-with-the-bude-metric-brass-band/,/christmas-in-bude-2025/,200,https://www.visitbude.info/events/,,HTTP success; content relevance not certified,
https://www.visitbude.info/events/heritage-festival/,/exciting-events-aplenty-in-bude-this-summer/,404,https://www.visitbude.info/events/heritage-festival/,,confirmed missing response during audit,
https://www.visitbude.info/events/month/2024-10/,/bude-whats-on-guide-october-half-term-2024/,404,https://www.visitbude.info/events/month/2024-10/,,confirmed missing response during audit,
https://www.visitbude.info/exploring-the-bude-canal/,/top-10-reasons-why-bude-is-perfect-for-family-holidays-in-cornwall/,200,https://www.visitbude.info/exploring-the-bude-canal/,,HTTP success; content relevance not certified,
https://www.visitbude.info/new-events/,/exciting-events-aplenty-in-bude-this-summer/,200,https://www.visitbude.info/events/,,HTTP success; content relevance not certified,
https://www.visitbude.info/organiser/North_Coast_Arts/,/exciting-events-aplenty-in-bude-this-summer/,404,https://www.visitbude.info/organiser/North_Coast_Arts/,,confirmed missing response during audit,
https://www.visitbude.info/stay/,/top-10-reasons-why-bude-is-perfect-for-family-holidays-in-cornwall/,200,https://www.visitbude.info/stay/,,HTTP success; content relevance not certified,
https://www.visitbude.info/visit/things-to-do/art-craft/,/bude-whats-on-guide-october-half-term-2024/,200,https://www.visitbude.info/visit/things-to-do/art-craft/,,HTTP success; content relevance not certified,
https://www.visitbude.info/visit/walks-guides/,/christmas-in-bude-2025/,200,https://www.visitbude.info/visit/walks-guides/,,HTTP success; content relevance not certified,
https://www.visitbude.info/walks-guides/bude-wwii-heritage-trail/,/top-10-reasons-why-bude-is-perfect-for-family-holidays-in-cornwall/,200,https://www.visitbude.info/walks-guides/bude-wwii-heritage-trail/,,HTTP success; content relevance not certified,
https://www.visitcornwall.com/,/discover-the-best-glamping-spots-in-cornwall-for-2025/,200,https://www.visitcornwall.com/,,HTTP success; content relevance not certified,
https://www.visitcornwall.com/beaches/lifeguards-seasonal/north-coast/bude/summerleaze-beach,/our-brand-new-yurts-are-now-open/,200,https://www.visitcornwall.com/things-to-do/beaches/summerleaze-beach,,HTTP success; content relevance not certified,
https://www.visitcornwall.com/boscastle,/things-to-do-in-bude/,404,https://www.visitcornwall.com/boscastle,,confirmed missing response during audit,
https://www.visitcornwall.com/destinations/padstow,/top-10-reasons-why-bude-is-perfect-for-family-holidays-in-cornwall/,200,https://www.visitcornwall.com/destinations/padstow,,HTTP success; content relevance not certified,
https://www.visitcornwall.com/destinations/polzeath,/top-10-reasons-why-bude-is-perfect-for-family-holidays-in-cornwall/,200,https://www.visitcornwall.com/destinations/polzeath,,HTTP success; content relevance not certified,
https://www.visitcornwall.com/things-to-do/beaches/widemouth-bay-beach,/summerleaze-beach-top-20-uk-beach-l/,200,https://www.visitcornwall.com/things-to-do/beaches/widemouth-bay-beach,,HTTP success; content relevance not certified,
https://www.visitdevon.co.uk/northdevon/explore/villages-towns/hartland-peninsula/,/top-10-reasons-why-bude-is-perfect-for-family-holidays-in-cornwall/,200,https://www.visitdevon.co.uk/northdevon/explore/villages-towns/hartland-peninsula/,,HTTP success; content relevance not certified,
https://www.visitwestwardho.co.uk/Westward-Ho!-Rock-Sea-Pool,/wild-swimming-delights-near-woodlands-manor-farm/,200,https://www.visitwestwardho.co.uk/Westward-Ho!-Rock-Sea-Pool,,HTTP success; content relevance not certified,
https://www.welcombepottery.co.uk/,/top-holiday-ideas-bude/,200,https://www.welcombepottery.co.uk/,,HTTP success; content relevance not certified,
https://www.wigwamholidays.com/news/glamping-in-cornwall-destination-spotlight,/discover-the-best-glamping-spots-in-cornwall-for-2025/,200,https://www.wigwamholidays.com/news/glamping-in-cornwall-destination-spotlight,,HTTP success; content relevance not certified,
https://www.wildswimming.co.uk/map/golitha-falls/,/wild-swimming-delights-near-woodlands-manor-farm/,200,https://www.wildswimming.co.uk/map/golitha-falls/,,HTTP success; content relevance not certified,
https://www.woolsery.com/pub,/the-best-bude-restaurants/,404,https://woolsery.com/pub,,confirmed missing response during audit,
https://www.wroes.co.uk/,/shopping-in-bude-unique-gifts-and-independent-stores/,200,https://www.wroes.co.uk/,,HTTP success; content relevance not certified,
