old_path,discovery_source,preview_first_status,preview_final_status,preview_final_url,live_final_url_if_checked,proposed_destination,priority,action
/,live page sitemap,200,200,https://woodlands-manor-farm.woodlands-manor-farm.workers.dev/,,,verified,Preserve working URL and content
/220526_9319/,live content link,404,404,https://woodlands-manor-farm.woodlands-manor-farm.workers.dev/220526_9319/,https://woodlandsmanorfarm.co.uk/wp-content/uploads/2022/06/220526_9319.webp,,review,"Review old source relevance; preserve, redirect to equivalent content, or record intentional retirement"
/220526_9403/,live content link,404,404,https://woodlands-manor-farm.woodlands-manor-farm.workers.dev/220526_9403/,https://woodlandsmanorfarm.co.uk/wp-content/uploads/2022/06/220526_9403.webp,,review,"Review old source relevance; preserve, redirect to equivalent content, or record intentional retirement"
/220526_9429/,live content link,404,404,https://woodlands-manor-farm.woodlands-manor-farm.workers.dev/220526_9429/,https://woodlandsmanorfarm.co.uk/wp-content/uploads/2022/06/220526_9429.webp,,review,"Review old source relevance; preserve, redirect to equivalent content, or record intentional retirement"
/about-woodlands-manor-farm-holiday-cottages-with-a-pool/,live page sitemap,200,200,https://woodlands-manor-farm.woodlands-manor-farm.workers.dev/about-woodlands-manor-farm-holiday-cottages-with-a-pool/,,,verified,Preserve working URL and content
/about/,live content link,404,404,https://woodlands-manor-farm.woodlands-manor-farm.workers.dev/about/,https://woodlandsmanorfarm.co.uk/on-the-farm/,/on-the-farm/,before launch,Add permanent redirect matching current live destination
/alpaca-walking-woodlands-manor-farm/,live post sitemap,200,200,https://woodlands-manor-farm.woodlands-manor-farm.workers.dev/alpaca-walking-woodlands-manor-farm/,,,verified,Preserve working URL and content
/author/ruth/,live author sitemap,404,404,https://woodlands-manor-farm.woodlands-manor-farm.workers.dev/author/ruth/,,,review,Check traffic/incoming links; map only to equivalent content or intentionally retire
/author/ruthk132gmail-com/,live author sitemap,404,404,https://woodlands-manor-farm.woodlands-manor-farm.workers.dev/author/ruthk132gmail-com/,,,review,Check traffic/incoming links; map only to equivalent content or intentionally retire
/book-direct/,configured redirect,301,200,https://woodlands-manor-farm.woodlands-manor-farm.workers.dev/holiday-cottage-direct-booking-woodlands-cornwall/,,,verified,Existing redirect reaches 200; confirm destination remains equivalent
/bude-holiday-cottages/,live page sitemap,200,200,https://woodlands-manor-farm.woodlands-manor-farm.workers.dev/bude-holiday-cottages/,,,verified,Preserve working URL and content
/bude-holiday-cottages/woo,live content link,404,404,https://woodlands-manor-farm.woodlands-manor-farm.workers.dev/bude-holiday-cottages/woo/,https://woodlandsmanorfarm.co.uk/woodlands-manor-farm-local-beaches/,,review,Malformed old link; fix source. Live WordPress fuzzy redirect is not automatically worth preserving
/bude-literary-festival-2026/,live post sitemap,200,200,https://woodlands-manor-farm.woodlands-manor-farm.workers.dev/bude-literary-festival-2026/,,,verified,Preserve working URL and content
/bude-whats-on-guide-october-half-term-2024/,live post sitemap,200,200,https://woodlands-manor-farm.woodlands-manor-farm.workers.dev/bude-whats-on-guide-october-half-term-2024/,,,verified,Preserve working URL and content
/bude-wood-turning-coures/,configured redirect,301,200,https://woodlands-manor-farm.woodlands-manor-farm.workers.dev/things-to-do-in-bude/,,,verified,Existing redirect reaches 200; confirm destination remains equivalent
/budhyn-yurt/,live page sitemap,200,200,https://woodlands-manor-farm.woodlands-manor-farm.workers.dev/budhyn-yurt/,,,verified,Preserve working URL and content
/bush-inn-morwenstow-best-pub-cornwall/,live post sitemap,200,200,https://woodlands-manor-farm.woodlands-manor-farm.workers.dev/bush-inn-morwenstow-best-pub-cornwall/,,,verified,Preserve working URL and content
/category/company-news/,live category sitemap,404,404,https://woodlands-manor-farm.woodlands-manor-farm.workers.dev/category/company-news/,,,review,Check traffic/incoming links; map only to equivalent content or intentionally retire
/category/news/,live category sitemap,404,404,https://woodlands-manor-farm.woodlands-manor-farm.workers.dev/category/news/,,,review,Check traffic/incoming links; map only to equivalent content or intentionally retire
/christmas-in-bude-2025/,live post sitemap,200,200,https://woodlands-manor-farm.woodlands-manor-farm.workers.dev/christmas-in-bude-2025/,,,verified,Preserve working URL and content
/competition/,live content link,404,404,https://woodlands-manor-farm.woodlands-manor-farm.workers.dev/competition/,https://woodlandsmanorfarm.co.uk/special-offers/,/special-offers/,before launch,Add permanent redirect matching current live destination
/contact-us/,live page sitemap,200,200,https://woodlands-manor-farm.woodlands-manor-farm.workers.dev/contact-us/,,,verified,Preserve working URL and content
/cottages-bude/,configured redirect,301,200,https://woodlands-manor-farm.woodlands-manor-farm.workers.dev/bude-holiday-cottages/,,,verified,Existing redirect reaches 200; confirm destination remains equivalent
/crackington-haven/,configured redirect,301,200,https://woodlands-manor-farm.woodlands-manor-farm.workers.dev/things-to-do-in-bude/,,,verified,Existing redirect reaches 200; confirm destination remains equivalent
/crooklets/,configured redirect,301,200,https://woodlands-manor-farm.woodlands-manor-farm.workers.dev/things-to-do-in-bude/,,,verified,Existing redirect reaches 200; confirm destination remains equivalent
/cycling-in-cornwall-woodlands-manor-farm/,configured redirect,301,200,https://woodlands-manor-farm.woodlands-manor-farm.workers.dev/discover-the-breathtaking-cycling-routes-of-north-cornwall/,,,verified,Existing redirect reaches 200; confirm destination remains equivalent
/discover-the-best-glamping-spots-in-cornwall-for-2025/,live post sitemap,200,200,https://woodlands-manor-farm.woodlands-manor-farm.workers.dev/discover-the-best-glamping-spots-in-cornwall-for-2025/,,,verified,Preserve working URL and content
/discover-the-breathtaking-cycling-routes-of-north-cornwall/,live post sitemap,200,200,https://woodlands-manor-farm.woodlands-manor-farm.workers.dev/discover-the-breathtaking-cycling-routes-of-north-cornwall/,,,verified,Preserve working URL and content
/dog-rules/,live page sitemap,200,200,https://woodlands-manor-farm.woodlands-manor-farm.workers.dev/dog-rules/,,,verified,Preserve working URL and content
/duckpool/,configured redirect,301,200,https://woodlands-manor-farm.woodlands-manor-farm.workers.dev/things-to-do-in-bude/,,,verified,Existing redirect reaches 200; confirm destination remains equivalent
/elementor-10201/,live content link,404,404,https://woodlands-manor-farm.woodlands-manor-farm.workers.dev/elementor-10201/,https://woodlandsmanorfarm.co.uk/bude-holiday-cottages/,/bude-holiday-cottages/,before launch,Add permanent redirect matching current live destination
/exciting-events-aplenty-in-bude-this-summer/,live post sitemap,200,200,https://woodlands-manor-farm.woodlands-manor-farm.workers.dev/exciting-events-aplenty-in-bude-this-summer/,,,verified,Preserve working URL and content
/experience-an-unforgettable-family-winter-break/,live post sitemap,200,200,https://woodlands-manor-farm.woodlands-manor-farm.workers.dev/experience-an-unforgettable-family-winter-break/,,,verified,Preserve working URL and content
/experiences-weddings-events/,live page sitemap,200,200,https://woodlands-manor-farm.woodlands-manor-farm.workers.dev/experiences-weddings-events/,,,verified,Preserve working URL and content
/fenton-yurt/,live page sitemap,200,200,https://woodlands-manor-farm.woodlands-manor-farm.workers.dev/fenton-yurt/,,,verified,Preserve working URL and content
/fishing-in-and-around-bude/,configured redirect; live post sitemap,301,200,https://woodlands-manor-farm.woodlands-manor-farm.workers.dev/things-to-do-in-bude/,,/fishing-in-and-around-bude/,before launch,"Restore original article (preferred), or consolidate substantive content deliberately; repair sitemap/cards"
/goldiggins-edited/,live content link,404,404,https://woodlands-manor-farm.woodlands-manor-farm.workers.dev/goldiggins-edited/,https://woodlandsmanorfarm.co.uk/wp-content/uploads/2024/05/goldiggins-edited.jpg,,review,"Review old source relevance; preserve, redirect to equivalent content, or record intentional retirement"
/golitha-falls-autumn/,live content link,404,404,https://woodlands-manor-farm.woodlands-manor-farm.workers.dev/golitha-falls-autumn/,https://woodlandsmanorfarm.co.uk/wp-content/uploads/2024/05/golitha-falls-autumn.jpg,,review,"Review old source relevance; preserve, redirect to equivalent content, or record intentional retirement"
/holiday-cottage-direct-booking-woodlands-cornwall/,live page sitemap,200,200,https://woodlands-manor-farm.woodlands-manor-farm.workers.dev/holiday-cottage-direct-booking-woodlands-cornwall/,,,verified,Preserve working URL and content
/holiday-cottage-inventory/,live page sitemap,200,200,https://woodlands-manor-farm.woodlands-manor-farm.workers.dev/holiday-cottage-inventory/,,,verified,Preserve working URL and content
/hotel-term-condition/,configured redirect; live page sitemap,301,200,https://woodlands-manor-farm.woodlands-manor-farm.workers.dev/terms-conditions/,,,verified,Existing redirect reaches 200; confirm destination remains equivalent
/little-extras/,live content link,404,404,https://woodlands-manor-farm.woodlands-manor-farm.workers.dev/little-extras/,https://woodlandsmanorfarm.co.uk/little-extras/,,review,"Review old source relevance; preserve, redirect to equivalent content, or record intentional retirement"
/local-bude-restaurants/,configured redirect,301,200,https://woodlands-manor-farm.woodlands-manor-farm.workers.dev/the-best-bude-restaurants/,,,verified,Existing redirect reaches 200; confirm destination remains equivalent
/local-surf-schools-bude/,configured redirect; live post sitemap,301,200,https://woodlands-manor-farm.woodlands-manor-farm.workers.dev/things-to-do-in-bude/,,/local-surf-schools-bude/,before launch,"Restore original article (preferred), or consolidate substantive content deliberately; repair sitemap/cards"
/north-cornwall-cycling-routes-woodlands-manor-farm/,configured redirect,301,200,https://woodlands-manor-farm.woodlands-manor-farm.workers.dev/discover-the-breathtaking-cycling-routes-of-north-cornwall/,,,verified,Existing redirect reaches 200; confirm destination remains equivalent
/northcott-mouth/,configured redirect,301,200,https://woodlands-manor-farm.woodlands-manor-farm.workers.dev/things-to-do-in-bude/,,,verified,Existing redirect reaches 200; confirm destination remains equivalent
/on-the-farm/,live page sitemap,200,200,https://woodlands-manor-farm.woodlands-manor-farm.workers.dev/on-the-farm/,,,verified,Preserve working URL and content
/on-the-farm/img_7897/,live content link,404,404,https://woodlands-manor-farm.woodlands-manor-farm.workers.dev/on-the-farm/img_7897/,https://woodlandsmanorfarm.co.uk/wp-content/uploads/2024/04/IMG_7897-scaled.jpg,,review,"Review old source relevance; preserve, redirect to equivalent content, or record intentional retirement"
/our-brand-new-yurts-are-now-open/,live post sitemap,200,200,https://woodlands-manor-farm.woodlands-manor-farm.workers.dev/our-brand-new-yurts-are-now-open/,,,verified,Preserve working URL and content
/out-about/,configured redirect; live page sitemap,301,200,https://woodlands-manor-farm.woodlands-manor-farm.workers.dev/things-to-do-in-bude/,,,verified,Existing redirect reaches 200; confirm destination remains equivalent
/places-to-eat-in-bude/,live page sitemap,200,200,https://woodlands-manor-farm.woodlands-manor-farm.workers.dev/places-to-eat-in-bude/,,,verified,Preserve working URL and content
/places-to-eat-in-bude/screenshot-2024-10-10-at-21-32-46/,live content link,404,404,https://woodlands-manor-farm.woodlands-manor-farm.workers.dev/places-to-eat-in-bude/screenshot-2024-10-10-at-21-32-46/,https://woodlandsmanorfarm.co.uk/wp-content/uploads/2024/10/Screenshot-2024-10-10-at-21.32.46.png,,review,"Review old source relevance; preserve, redirect to equivalent content, or record intentional retirement"
/places-to-eat-in-bude/screenshot-2024-10-10-at-21-38-42/,live content link,404,404,https://woodlands-manor-farm.woodlands-manor-farm.workers.dev/places-to-eat-in-bude/screenshot-2024-10-10-at-21-38-42/,https://woodlandsmanorfarm.co.uk/wp-content/uploads/2024/10/Screenshot-2024-10-10-at-21.38.42.png,,review,"Review old source relevance; preserve, redirect to equivalent content, or record intentional retirement"
/post-sitemap.xml,legacy asset/sitemap probe,404,404,,,/sitemap.xml,review,Submit new sitemap.xml; optionally redirect old sitemap entry point
/posts/,configured redirect; live post sitemap,301,200,https://woodlands-manor-farm.woodlands-manor-farm.workers.dev/news/,,,verified,Existing redirect reaches 200; confirm destination remains equivalent
/respryn-bridge/,live content link,404,404,https://woodlands-manor-farm.woodlands-manor-farm.workers.dev/respryn-bridge/,https://woodlandsmanorfarm.co.uk/wp-content/uploads/2024/05/Respryn-Bridge.jpeg,,review,"Review old source relevance; preserve, redirect to equivalent content, or record intentional retirement"
/sandymouth/,configured redirect,301,200,https://woodlands-manor-farm.woodlands-manor-farm.workers.dev/things-to-do-in-bude/,,,verified,Existing redirect reaches 200; confirm destination remains equivalent
/screenshot-2024-05-02-at-11-05-16/,live content link,404,404,https://woodlands-manor-farm.woodlands-manor-farm.workers.dev/screenshot-2024-05-02-at-11-05-16/,https://woodlandsmanorfarm.co.uk/wp-content/uploads/2024/05/Screenshot-2024-05-02-at-11.05.16.png,,review,"Review old source relevance; preserve, redirect to equivalent content, or record intentional retirement"
/screenshot-2024-05-02-at-11-06-41/,live content link,404,404,https://woodlands-manor-farm.woodlands-manor-farm.workers.dev/screenshot-2024-05-02-at-11-06-41/,https://woodlandsmanorfarm.co.uk/wp-content/uploads/2024/05/Screenshot-2024-05-02-at-11.06.41.png,,review,"Review old source relevance; preserve, redirect to equivalent content, or record intentional retirement"
/screenshot-2024-05-02-at-11-06-53/,live content link,404,404,https://woodlands-manor-farm.woodlands-manor-farm.workers.dev/screenshot-2024-05-02-at-11-06-53/,https://woodlandsmanorfarm.co.uk/wp-content/uploads/2024/05/Screenshot-2024-05-02-at-11.06.53.png,,review,"Review old source relevance; preserve, redirect to equivalent content, or record intentional retirement"
/screenshot-2024-05-02-at-11-07-15/,live content link,404,404,https://woodlands-manor-farm.woodlands-manor-farm.workers.dev/screenshot-2024-05-02-at-11-07-15/,https://woodlandsmanorfarm.co.uk/wp-content/uploads/2024/05/Screenshot-2024-05-02-at-11.07.15.png,,review,"Review old source relevance; preserve, redirect to equivalent content, or record intentional retirement"
/screenshot-2024-05-02-at-11-07-37/,live content link,404,404,https://woodlands-manor-farm.woodlands-manor-farm.workers.dev/screenshot-2024-05-02-at-11-07-37/,https://woodlandsmanorfarm.co.uk/wp-content/uploads/2024/05/Screenshot-2024-05-02-at-11.07.37.png,,review,"Review old source relevance; preserve, redirect to equivalent content, or record intentional retirement"
/screenshot-2024-05-02-at-11-08-35/,live content link,404,404,https://woodlands-manor-farm.woodlands-manor-farm.workers.dev/screenshot-2024-05-02-at-11-08-35/,https://woodlandsmanorfarm.co.uk/wp-content/uploads/2024/05/Screenshot-2024-05-02-at-11.08.35.png,,review,"Review old source relevance; preserve, redirect to equivalent content, or record intentional retirement"
/screenshot-2024-05-02-at-11-14-41/,live content link,404,404,https://woodlands-manor-farm.woodlands-manor-farm.workers.dev/screenshot-2024-05-02-at-11-14-41/,https://woodlandsmanorfarm.co.uk/wp-content/uploads/2024/05/Screenshot-2024-05-02-at-11.14.41.png,,review,"Review old source relevance; preserve, redirect to equivalent content, or record intentional retirement"
/screenshot-2024-05-02-at-11-18-33/,live content link,404,404,https://woodlands-manor-farm.woodlands-manor-farm.workers.dev/screenshot-2024-05-02-at-11-18-33/,https://woodlandsmanorfarm.co.uk/wp-content/uploads/2024/05/Screenshot-2024-05-02-at-11.18.33.png,,review,"Review old source relevance; preserve, redirect to equivalent content, or record intentional retirement"
/screenshot-2024-05-02-at-11-22-00/,live content link,404,404,https://woodlands-manor-farm.woodlands-manor-farm.workers.dev/screenshot-2024-05-02-at-11-22-00/,https://woodlandsmanorfarm.co.uk/wp-content/uploads/2024/05/Screenshot-2024-05-02-at-11.22.00.png,,review,"Review old source relevance; preserve, redirect to equivalent content, or record intentional retirement"
/screenshot-2024-05-02-at-11-25-15/,live content link,404,404,https://woodlands-manor-farm.woodlands-manor-farm.workers.dev/screenshot-2024-05-02-at-11-25-15/,https://woodlandsmanorfarm.co.uk/wp-content/uploads/2024/05/Screenshot-2024-05-02-at-11.25.15.png,,review,"Review old source relevance; preserve, redirect to equivalent content, or record intentional retirement"
/screenshot-2024-05-02-at-11-27-14/,live content link,404,404,https://woodlands-manor-farm.woodlands-manor-farm.workers.dev/screenshot-2024-05-02-at-11-27-14/,https://woodlandsmanorfarm.co.uk/wp-content/uploads/2024/05/Screenshot-2024-05-02-at-11.27.14.png,,review,"Review old source relevance; preserve, redirect to equivalent content, or record intentional retirement"
/screenshot-2024-05-02-at-14-22-07-2/,live content link,404,404,https://woodlands-manor-farm.woodlands-manor-farm.workers.dev/screenshot-2024-05-02-at-14-22-07-2/,https://woodlandsmanorfarm.co.uk/wp-content/uploads/2024/05/Screenshot-2024-05-02-at-14.22.07-1.png,,review,"Review old source relevance; preserve, redirect to equivalent content, or record intentional retirement"
/screenshot-2024-05-02-at-14-22-36-2/,live content link,404,404,https://woodlands-manor-farm.woodlands-manor-farm.workers.dev/screenshot-2024-05-02-at-14-22-36-2/,https://woodlandsmanorfarm.co.uk/wp-content/uploads/2024/05/Screenshot-2024-05-02-at-14.22.36-1.png,,review,"Review old source relevance; preserve, redirect to equivalent content, or record intentional retirement"
/screenshot-2024-05-03-at-11-21-06/,live content link,404,404,https://woodlands-manor-farm.woodlands-manor-farm.workers.dev/screenshot-2024-05-03-at-11-21-06/,https://woodlandsmanorfarm.co.uk/wp-content/uploads/2024/05/Screenshot-2024-05-03-at-11.21.06.png,,review,"Review old source relevance; preserve, redirect to equivalent content, or record intentional retirement"
/screenshot-2024-05-03-at-11-21-57/,live content link,404,404,https://woodlands-manor-farm.woodlands-manor-farm.workers.dev/screenshot-2024-05-03-at-11-21-57/,https://woodlandsmanorfarm.co.uk/wp-content/uploads/2024/05/Screenshot-2024-05-03-at-11.21.57.png,,review,"Review old source relevance; preserve, redirect to equivalent content, or record intentional retirement"
/screenshot-2024-05-03-at-11-23-40/,live content link,404,404,https://woodlands-manor-farm.woodlands-manor-farm.workers.dev/screenshot-2024-05-03-at-11-23-40/,https://woodlandsmanorfarm.co.uk/wp-content/uploads/2024/05/Screenshot-2024-05-03-at-11.23.40.png,,review,"Review old source relevance; preserve, redirect to equivalent content, or record intentional retirement"
/screenshot-2024-05-03-at-11-39-20/,live content link,404,404,https://woodlands-manor-farm.woodlands-manor-farm.workers.dev/screenshot-2024-05-03-at-11-39-20/,https://woodlandsmanorfarm.co.uk/wp-content/uploads/2024/05/Screenshot-2024-05-03-at-11.39.20.png,,review,"Review old source relevance; preserve, redirect to equivalent content, or record intentional retirement"
/screenshot-2024-07-19-at-22-09-22/,live content link,404,404,https://woodlands-manor-farm.woodlands-manor-farm.workers.dev/screenshot-2024-07-19-at-22-09-22/,https://woodlandsmanorfarm.co.uk/wp-content/uploads/2024/07/Screenshot-2024-07-19-at-22.09.22.png,,review,"Review old source relevance; preserve, redirect to equivalent content, or record intentional retirement"
/sea-fishing-with-alastair-james-charters/,live post sitemap,200,200,https://woodlands-manor-farm.woodlands-manor-farm.workers.dev/sea-fishing-with-alastair-james-charters/,,,verified,Preserve working URL and content
/shopping-in-bude-unique-gifts-and-independent-stores/,live post sitemap,200,200,https://woodlands-manor-farm.woodlands-manor-farm.workers.dev/shopping-in-bude-unique-gifts-and-independent-stores/,,,verified,Preserve working URL and content
/sitemap_index.xml,legacy asset/sitemap probe,404,404,,,/sitemap.xml,review,Submit new sitemap.xml; optionally redirect old sitemap entry point
/special-offers/,live page sitemap,200,200,https://woodlands-manor-farm.woodlands-manor-farm.workers.dev/special-offers/,,,verified,Preserve working URL and content
/st-nectans-glen_-waterfall-1-20mp-768x512/,live content link,404,404,https://woodlands-manor-farm.woodlands-manor-farm.workers.dev/st-nectans-glen_-waterfall-1-20mp-768x512/,https://woodlandsmanorfarm.co.uk/wp-content/uploads/2024/05/St-Nectans-Glen_-Waterfall-1-20MP-768x512-1.jpeg,,review,"Review old source relevance; preserve, redirect to equivalent content, or record intentional retirement"
/summerleaze-beach-top-20-uk-beach-l/,live post sitemap,200,200,https://woodlands-manor-farm.woodlands-manor-farm.workers.dev/summerleaze-beach-top-20-uk-beach-l/,,,verified,Preserve working URL and content
/summerleaze-beach/,configured redirect,301,200,https://woodlands-manor-farm.woodlands-manor-farm.workers.dev/things-to-do-in-bude/,,,verified,Existing redirect reaches 200; confirm destination remains equivalent
/tag/alpaca-trekking/,live post_tag sitemap,404,404,https://woodlands-manor-farm.woodlands-manor-farm.workers.dev/tag/alpaca-trekking/,,,review,Check traffic/incoming links; map only to equivalent content or intentionally retire
/tag/alpaca-walking/,live post_tag sitemap,404,404,https://woodlands-manor-farm.woodlands-manor-farm.workers.dev/tag/alpaca-walking/,,,review,Check traffic/incoming links; map only to equivalent content or intentionally retire
/tag/alpacas/,live post_tag sitemap,404,404,https://woodlands-manor-farm.woodlands-manor-farm.workers.dev/tag/alpacas/,,,review,Check traffic/incoming links; map only to equivalent content or intentionally retire
/tag/autumn-break/,live post_tag sitemap,404,404,https://woodlands-manor-farm.woodlands-manor-farm.workers.dev/tag/autumn-break/,,,review,Check traffic/incoming links; map only to equivalent content or intentionally retire
/tag/beaches/,live post_tag sitemap,404,404,https://woodlands-manor-farm.woodlands-manor-farm.workers.dev/tag/beaches/,,,review,Check traffic/incoming links; map only to equivalent content or intentionally retire
/tag/bude-golf/,live post_tag sitemap,404,404,https://woodlands-manor-farm.woodlands-manor-farm.workers.dev/tag/bude-golf/,,,review,Check traffic/incoming links; map only to equivalent content or intentionally retire
/tag/bude/,live post_tag sitemap,404,404,https://woodlands-manor-farm.woodlands-manor-farm.workers.dev/tag/bude/,,,review,Check traffic/incoming links; map only to equivalent content or intentionally retire
/tag/cafes/,live post_tag sitemap,404,404,https://woodlands-manor-farm.woodlands-manor-farm.workers.dev/tag/cafes/,,,review,Check traffic/incoming links; map only to equivalent content or intentionally retire
/tag/child-friendly-holiday/,live post_tag sitemap,404,404,https://woodlands-manor-farm.woodlands-manor-farm.workers.dev/tag/child-friendly-holiday/,,,review,Check traffic/incoming links; map only to equivalent content or intentionally retire
/tag/competition/,live post_tag sitemap,404,404,https://woodlands-manor-farm.woodlands-manor-farm.workers.dev/tag/competition/,,,review,Check traffic/incoming links; map only to equivalent content or intentionally retire
/tag/cornwall-beaches/,live post_tag sitemap,404,404,https://woodlands-manor-farm.woodlands-manor-farm.workers.dev/tag/cornwall-beaches/,,,review,Check traffic/incoming links; map only to equivalent content or intentionally retire
/tag/cornwall-golf/,live post_tag sitemap,404,404,https://woodlands-manor-farm.woodlands-manor-farm.workers.dev/tag/cornwall-golf/,,,review,Check traffic/incoming links; map only to equivalent content or intentionally retire
/tag/cottages/,live post_tag sitemap,404,404,https://woodlands-manor-farm.woodlands-manor-farm.workers.dev/tag/cottages/,,,review,Check traffic/incoming links; map only to equivalent content or intentionally retire
/tag/cycling/,live post_tag sitemap,404,404,https://woodlands-manor-farm.woodlands-manor-farm.workers.dev/tag/cycling/,,,review,Check traffic/incoming links; map only to equivalent content or intentionally retire
/tag/eating-out/,live post_tag sitemap,404,404,https://woodlands-manor-farm.woodlands-manor-farm.workers.dev/tag/eating-out/,,,review,Check traffic/incoming links; map only to equivalent content or intentionally retire
/tag/family-holiday-cottage/,live post_tag sitemap,404,404,https://woodlands-manor-farm.woodlands-manor-farm.workers.dev/tag/family-holiday-cottage/,,,review,Check traffic/incoming links; map only to equivalent content or intentionally retire
/tag/family-holiday-cottages/,live post_tag sitemap,404,404,https://woodlands-manor-farm.woodlands-manor-farm.workers.dev/tag/family-holiday-cottages/,,,review,Check traffic/incoming links; map only to equivalent content or intentionally retire
/tag/family-holidays-in-cornwall-with-pool/,live post_tag sitemap,404,404,https://woodlands-manor-farm.woodlands-manor-farm.workers.dev/tag/family-holidays-in-cornwall-with-pool/,,,review,Check traffic/incoming links; map only to equivalent content or intentionally retire
/tag/farm-cottage-near-beach/,live post_tag sitemap,404,404,https://woodlands-manor-farm.woodlands-manor-farm.workers.dev/tag/farm-cottage-near-beach/,,,review,Check traffic/incoming links; map only to equivalent content or intentionally retire
/tag/fishing-in-bude/,live post_tag sitemap,404,404,https://woodlands-manor-farm.woodlands-manor-farm.workers.dev/tag/fishing-in-bude/,,,review,Check traffic/incoming links; map only to equivalent content or intentionally retire
/tag/glamping-cornwall/,live post_tag sitemap,404,404,https://woodlands-manor-farm.woodlands-manor-farm.workers.dev/tag/glamping-cornwall/,,,review,Check traffic/incoming links; map only to equivalent content or intentionally retire
/tag/glamping-near-beach/,live post_tag sitemap,404,404,https://woodlands-manor-farm.woodlands-manor-farm.workers.dev/tag/glamping-near-beach/,,,review,Check traffic/incoming links; map only to equivalent content or intentionally retire
/tag/glamping/,live post_tag sitemap,404,404,https://woodlands-manor-farm.woodlands-manor-farm.workers.dev/tag/glamping/,,,review,Check traffic/incoming links; map only to equivalent content or intentionally retire
/tag/golf/,live post_tag sitemap,404,404,https://woodlands-manor-farm.woodlands-manor-farm.workers.dev/tag/golf/,,,review,Check traffic/incoming links; map only to equivalent content or intentionally retire
/tag/golfing-getaway/,live post_tag sitemap,404,404,https://woodlands-manor-farm.woodlands-manor-farm.workers.dev/tag/golfing-getaway/,,,review,Check traffic/incoming links; map only to equivalent content or intentionally retire
/tag/holiday-cottages/,live post_tag sitemap,404,404,https://woodlands-manor-farm.woodlands-manor-farm.workers.dev/tag/holiday-cottages/,,,review,Check traffic/incoming links; map only to equivalent content or intentionally retire
/tag/holiday-near-beach/,live post_tag sitemap,404,404,https://woodlands-manor-farm.woodlands-manor-farm.workers.dev/tag/holiday-near-beach/,,,review,Check traffic/incoming links; map only to equivalent content or intentionally retire
/tag/luxury-holiday-cottages/,live post_tag sitemap,404,404,https://woodlands-manor-farm.woodlands-manor-farm.workers.dev/tag/luxury-holiday-cottages/,,,review,Check traffic/incoming links; map only to equivalent content or intentionally retire
/tag/luxury-yurts/,live post_tag sitemap,404,404,https://woodlands-manor-farm.woodlands-manor-farm.workers.dev/tag/luxury-yurts/,,,review,Check traffic/incoming links; map only to equivalent content or intentionally retire
/tag/north-cornwall/,live post_tag sitemap,404,404,https://woodlands-manor-farm.woodlands-manor-farm.workers.dev/tag/north-cornwall/,,,review,Check traffic/incoming links; map only to equivalent content or intentionally retire
/tag/restaurants/,live post_tag sitemap,404,404,https://woodlands-manor-farm.woodlands-manor-farm.workers.dev/tag/restaurants/,,,review,Check traffic/incoming links; map only to equivalent content or intentionally retire
/tag/self-catering-holiday-cottages/,live post_tag sitemap,404,404,https://woodlands-manor-farm.woodlands-manor-farm.workers.dev/tag/self-catering-holiday-cottages/,,,review,Check traffic/incoming links; map only to equivalent content or intentionally retire
/tag/summer-events/,live post_tag sitemap,404,404,https://woodlands-manor-farm.woodlands-manor-farm.workers.dev/tag/summer-events/,,,review,Check traffic/incoming links; map only to equivalent content or intentionally retire
/tag/surf-schools/,live post_tag sitemap,404,404,https://woodlands-manor-farm.woodlands-manor-farm.workers.dev/tag/surf-schools/,,,review,Check traffic/incoming links; map only to equivalent content or intentionally retire
/tag/surfing/,live post_tag sitemap,404,404,https://woodlands-manor-farm.woodlands-manor-farm.workers.dev/tag/surfing/,,,review,Check traffic/incoming links; map only to equivalent content or intentionally retire
/tag/whats-on-in-bude/,live post_tag sitemap,404,404,https://woodlands-manor-farm.woodlands-manor-farm.workers.dev/tag/whats-on-in-bude/,,,review,Check traffic/incoming links; map only to equivalent content or intentionally retire
/tag/yurts-bude/,live post_tag sitemap,404,404,https://woodlands-manor-farm.woodlands-manor-farm.workers.dev/tag/yurts-bude/,,,review,Check traffic/incoming links; map only to equivalent content or intentionally retire
/tag/yurts-cornwall/,live post_tag sitemap,404,404,https://woodlands-manor-farm.woodlands-manor-farm.workers.dev/tag/yurts-cornwall/,,,review,Check traffic/incoming links; map only to equivalent content or intentionally retire
/tag/yurts/,live post_tag sitemap,404,404,https://woodlands-manor-farm.woodlands-manor-farm.workers.dev/tag/yurts/,,,review,Check traffic/incoming links; map only to equivalent content or intentionally retire
/tee-off-in-bude-and-enjoy-a-perfect-cornish-golfing-getaway/,live post sitemap,200,200,https://woodlands-manor-farm.woodlands-manor-farm.workers.dev/tee-off-in-bude-and-enjoy-a-perfect-cornish-golfing-getaway/,,,verified,Preserve working URL and content
/terms-conditions/,live page sitemap,200,200,https://woodlands-manor-farm.woodlands-manor-farm.workers.dev/terms-conditions/,,,verified,Preserve working URL and content
/terms/,configured redirect,301,200,https://woodlands-manor-farm.woodlands-manor-farm.workers.dev/terms-conditions/,,,verified,Existing redirect reaches 200; confirm destination remains equivalent
/the-best-bude-restaurants/,live post sitemap,200,200,https://woodlands-manor-farm.woodlands-manor-farm.workers.dev/the-best-bude-restaurants/,,,verified,Preserve working URL and content
/the-little-extras/,live page sitemap,200,200,https://woodlands-manor-farm.woodlands-manor-farm.workers.dev/the-little-extras/,,,verified,Preserve working URL and content
/the-little-extras/screenshot-2024-04-24-at-13-57-53/,live content link,404,404,https://woodlands-manor-farm.woodlands-manor-farm.workers.dev/the-little-extras/screenshot-2024-04-24-at-13-57-53/,https://woodlandsmanorfarm.co.uk/wp-content/uploads/2024/04/Screenshot-2024-04-24-at-13.57.53.png,,review,"Review old source relevance; preserve, redirect to equivalent content, or record intentional retirement"
/the-little-extras/sherpa_-cornwall-cycle-bike-at-cape-cornwall-989893-500px/,live content link,404,404,https://woodlands-manor-farm.woodlands-manor-farm.workers.dev/the-little-extras/sherpa_-cornwall-cycle-bike-at-cape-cornwall-989893-500px/,https://woodlandsmanorfarm.co.uk/wp-content/uploads/2024/04/Sherpa_-Cornwall-Cycle-Bike-at-Cape-Cornwall-989893-500px.jpg,,review,"Review old source relevance; preserve, redirect to equivalent content, or record intentional retirement"
/the-magic-of-feed-the-animals/,live post sitemap,200,200,https://woodlands-manor-farm.woodlands-manor-farm.workers.dev/the-magic-of-feed-the-animals/,,,verified,Preserve working URL and content
/things-to-do-in-bude/,live page sitemap,200,200,https://woodlands-manor-farm.woodlands-manor-farm.workers.dev/things-to-do-in-bude/,,,verified,Preserve working URL and content
/top-10-reasons-why-bude-is-perfect-for-family-holidays-in-cornwall/,live post sitemap,200,200,https://woodlands-manor-farm.woodlands-manor-farm.workers.dev/top-10-reasons-why-bude-is-perfect-for-family-holidays-in-cornwall/,,,verified,Preserve working URL and content
/top-10-reasons-why-bude-is-perfect-for-family-holidays-in-cornwall/_wp_link_placeholder,live content link,404,404,https://woodlands-manor-farm.woodlands-manor-farm.workers.dev/top-10-reasons-why-bude-is-perfect-for-family-holidays-in-cornwall/_wp_link_placeholder/,https://woodlandsmanorfarm.co.uk/top-10-reasons-why-bude-is-perfect-for-family-holidays-in-cornwall/_wp_link_placeholder,,review,"Review old source relevance; preserve, redirect to equivalent content, or record intentional retirement"
/top-holiday-ideas-bude/,live post sitemap,200,200,https://woodlands-manor-farm.woodlands-manor-farm.workers.dev/top-holiday-ideas-bude/,,,verified,Preserve working URL and content
/westward-ho-sea-pool-730x480/,live content link,404,404,https://woodlands-manor-farm.woodlands-manor-farm.workers.dev/westward-ho-sea-pool-730x480/,https://woodlandsmanorfarm.co.uk/wp-content/uploads/2024/05/Westward-Ho-Sea-pool-730x480-1.jpg,,review,"Review old source relevance; preserve, redirect to equivalent content, or record intentional retirement"
/what-to-do-woodlands/,live content link,404,404,https://woodlands-manor-farm.woodlands-manor-farm.workers.dev/what-to-do-woodlands/,https://woodlandsmanorfarm.co.uk/about-woodlands-manor-farm-holiday-cottages-with-a-pool/,/about-woodlands-manor-farm-holiday-cottages-with-a-pool/,before launch,Add permanent redirect matching current live destination
/whats-on-in-bude-cornwall-february-half-term/,configured redirect; live post sitemap,301,200,https://woodlands-manor-farm.woodlands-manor-farm.workers.dev/news/,,/whats-on-in-bude-cornwall-february-half-term/,before launch,"Restore original article (preferred), or consolidate substantive content deliberately; repair sitemap/cards"
/whats-on-in-bude-cornwall-february-half-term/screenshot-2024-02-04-at-16-08-50-1/,live content link,404,404,https://woodlands-manor-farm.woodlands-manor-farm.workers.dev/whats-on-in-bude-cornwall-february-half-term/screenshot-2024-02-04-at-16-08-50-1/,https://woodlandsmanorfarm.co.uk/wp-content/uploads/2024/02/Screenshot-2024-02-04-at-16.08.50-1.webp,,review,"Review old source relevance; preserve, redirect to equivalent content, or record intentional retirement"
/whats-on-in-bude-cornwall-february-half-term/screenshot-2024-02-04-at-16-35-31/,live content link,404,404,https://woodlands-manor-farm.woodlands-manor-farm.workers.dev/whats-on-in-bude-cornwall-february-half-term/screenshot-2024-02-04-at-16-35-31/,https://woodlandsmanorfarm.co.uk/wp-content/uploads/2024/02/Screenshot-2024-02-04-at-16.35.31.webp,,review,"Review old source relevance; preserve, redirect to equivalent content, or record intentional retirement"
/whats-on-in-bude-cornwall-february-half-term/screenshot-2024-02-04-at-16-50-33/,live content link,404,404,https://woodlands-manor-farm.woodlands-manor-farm.workers.dev/whats-on-in-bude-cornwall-february-half-term/screenshot-2024-02-04-at-16-50-33/,https://woodlandsmanorfarm.co.uk/wp-content/uploads/2024/02/Screenshot-2024-02-04-at-16.50.33.webp,,review,"Review old source relevance; preserve, redirect to equivalent content, or record intentional retirement"
/whats-on-in-bude-cornwall-february-half-term/screenshot-2024-02-04-at-16-53-27/,live content link,404,404,https://woodlands-manor-farm.woodlands-manor-farm.workers.dev/whats-on-in-bude-cornwall-february-half-term/screenshot-2024-02-04-at-16-53-27/,https://woodlandsmanorfarm.co.uk/wp-content/uploads/2024/02/Screenshot-2024-02-04-at-16.53.27.webp,,review,"Review old source relevance; preserve, redirect to equivalent content, or record intentional retirement"
/whats-on-in-bude-cornwall-february-half-term/screenshot-2024-02-04-at-17-00-23/,live content link,404,404,https://woodlands-manor-farm.woodlands-manor-farm.workers.dev/whats-on-in-bude-cornwall-february-half-term/screenshot-2024-02-04-at-17-00-23/,https://woodlandsmanorfarm.co.uk/wp-content/uploads/2024/02/Screenshot-2024-02-04-at-17.00.23.webp,,review,"Review old source relevance; preserve, redirect to equivalent content, or record intentional retirement"
/whats-on-in-bude-cornwall-february-half-term/screenshot-2024-02-04-at-21-49-04/,live content link,404,404,https://woodlands-manor-farm.woodlands-manor-farm.workers.dev/whats-on-in-bude-cornwall-february-half-term/screenshot-2024-02-04-at-21-49-04/,https://woodlandsmanorfarm.co.uk/wp-content/uploads/2024/02/Screenshot-2024-02-04-at-21.49.04.webp,,review,"Review old source relevance; preserve, redirect to equivalent content, or record intentional retirement"
/whats-on-in-bude-cornwall-february-half-term/screenshot-2024-02-05-at-18-34-13-1/,live content link,404,404,https://woodlands-manor-farm.woodlands-manor-farm.workers.dev/whats-on-in-bude-cornwall-february-half-term/screenshot-2024-02-05-at-18-34-13-1/,https://woodlandsmanorfarm.co.uk/wp-content/uploads/2024/02/Screenshot-2024-02-05-at-18.34.13-1.webp,,review,"Review old source relevance; preserve, redirect to equivalent content, or record intentional retirement"
/widemouth-bay/,configured redirect,301,200,https://woodlands-manor-farm.woodlands-manor-farm.workers.dev/things-to-do-in-bude/,,,verified,Existing redirect reaches 200; confirm destination remains equivalent
/wild-swimming-delights-near-woodlands-manor-farm/,live post sitemap,200,200,https://woodlands-manor-farm.woodlands-manor-farm.workers.dev/wild-swimming-delights-near-woodlands-manor-farm/,,,verified,Preserve working URL and content
/win-a-weekend-at-woodlands-manor-farm/,live post sitemap,404,404,https://woodlands-manor-farm.woodlands-manor-farm.workers.dev/win-a-weekend-at-woodlands-manor-farm/,,,owner decision,"Decide closed archive, relevant successor, or intentional 404/410 after checking traffic and links"
/woodlands-manor-farm-local-beaches/,configured redirect; live post sitemap,301,200,https://woodlands-manor-farm.woodlands-manor-farm.workers.dev/things-to-do-in-bude/,,/woodlands-manor-farm-local-beaches/,before launch,"Restore original article (preferred), or consolidate substantive content deliberately; repair sitemap/cards"
/woodlands-manor-farm-wins-6-booking-com-traveller-choice-awards/,live post sitemap,200,200,https://woodlands-manor-farm.woodlands-manor-farm.workers.dev/woodlands-manor-farm-wins-6-booking-com-traveller-choice-awards/,,,verified,Preserve working URL and content
/woodlands-manor-farm-wins-a-tripadvisor-travellers-choice-award-2026/,live post sitemap,404,404,https://woodlands-manor-farm.woodlands-manor-farm.workers.dev/woodlands-manor-farm-wins-a-tripadvisor-travellers-choice-award-2026/,,/woodlands-manor-farm-wins-a-tripadvisor-travellers-choice-award-2026/,before launch,Restore missing June 2026 award article at original URL
/woodlands-manor-house/,live content link,404,404,https://woodlands-manor-farm.woodlands-manor-farm.workers.dev/woodlands-manor-house/,https://woodlandsmanorfarm.co.uk/the-manor-house/,,review,"Review old source relevance; preserve, redirect to equivalent content, or record intentional retirement"
/wp-content/uploads/2023/01/2023-Menu.pdf,legacy asset/sitemap probe,404,404,,,/menus/private-chef-menu.pdf,before launch,Confirm replacement menu; add permanent redirect if equivalent
/wp-content/uploads/2023/11/woodlands-beauty-treatments.pdf,legacy asset/sitemap probe,404,404,,,,review,Preserve/map useful asset or record intentional retirement; not a full legacy media inventory
/wp-content/uploads/2024/05/Screenshot-2024-05-02-at-11.05.16.png,legacy asset/sitemap probe,404,404,,,,review,Preserve/map useful asset or record intentional retirement; not a full legacy media inventory
/yurts-bude/,configured redirect,301,200,https://woodlands-manor-farm.woodlands-manor-farm.workers.dev/yurts/,,,verified,Existing redirect reaches 200; confirm destination remains equivalent
/yurts-devon/,configured redirect,301,200,https://woodlands-manor-farm.woodlands-manor-farm.workers.dev/yurts/,,,verified,Existing redirect reaches 200; confirm destination remains equivalent
