path,first_http_status,final_http_status,final_preview_url,in_new_sitemap,title,meta_description,canonical,meta_robots,preview_x_robots_tag,h1_count,open_graph_title,open_graph_url,twitter_title,note
/,200,200,https://woodlands-manor-farm.woodlands-manor-farm.workers.dev/,True,"Woodlands Manor Farm — Holiday Cottages with a Pool in Bude, Cornwall","A 17th-century farm stay in the Coombe Valley near Bude, North Cornwall. Seven self-catering holiday cottages and two yurts with a heated indoor pool, farm animals and a warm Cornish welcome — the perfect family base for exploring Cornwall.",https://woodlandsmanorfarm.co.uk/,"index, follow","noindex, nofollow",1,"Woodlands Manor Farm — Holiday Cottages with a Pool in Bude, Cornwall",https://woodlandsmanorfarm.co.uk/,"Woodlands Manor Farm — Holiday Cottages with a Pool in Bude, Cornwall",
/about-woodlands-manor-farm-holiday-cottages-with-a-pool/,200,200,https://woodlands-manor-farm.woodlands-manor-farm.workers.dev/about-woodlands-manor-farm-holiday-cottages-with-a-pool/,True,"Holiday Cottages in Cornwall with a Pool — Heated Indoor, Open All Year — Woodlands Manor Farm","Holiday cottages in Bude, North Cornwall with a heated indoor pool — kept at a warm 30°C and open 8am–8pm every day of the year, free for every guest. A 17th-century farm run by Andy & Ruth Peters.",https://woodlandsmanorfarm.co.uk/about-woodlands-manor-farm-holiday-cottages-with-a-pool/,"index, follow","noindex, nofollow",1,"Woodlands Manor Farm — Holiday Cottages with a Pool in Bude, Cornwall",https://woodlandsmanorfarm.co.uk/,"Woodlands Manor Farm — Holiday Cottages with a Pool in Bude, Cornwall",
/alpaca-walking-woodlands-manor-farm/,200,200,https://woodlands-manor-farm.woodlands-manor-farm.workers.dev/alpaca-walking-woodlands-manor-farm/,True,Get Ready for an Amazing Alpaca Walking Adventure at Woodlands Manor Farm — Woodlands Manor Farm,"Visit Woodlands Manor Farm to enjoy a peaceful and unique experience with our lovely alpacas Napoleon, Erebus, and Henry.",https://woodlandsmanorfarm.co.uk/alpaca-walking-woodlands-manor-farm/,"index, follow","noindex, nofollow",1,Get Ready for an Amazing Alpaca Walking Adventure at Woodlands Manor Farm,,"Woodlands Manor Farm — Holiday Cottages with a Pool in Bude, Cornwall",
/bude-holiday-cottages/,200,200,https://woodlands-manor-farm.woodlands-manor-farm.workers.dev/bude-holiday-cottages/,True,"Holiday Cottages in Bude, Cornwall — with Heated Indoor Pool — Woodlands Manor Farm","Dog-friendly holiday cottages in Bude, North Cornwall on a farm — seven characterful cottages and two glamping yurts sleeping 2 to 12, all with heated indoor pool, games room and farm animals. Book direct, no fees.",https://woodlandsmanorfarm.co.uk/bude-holiday-cottages/,"index, follow","noindex, nofollow",1,"Holiday Cottages in Bude, Cornwall — Woodlands Manor Farm",,"Woodlands Manor Farm — Holiday Cottages with a Pool in Bude, Cornwall",
/bude-literary-festival-2026/,200,200,https://woodlands-manor-farm.woodlands-manor-farm.workers.dev/bude-literary-festival-2026/,True,Bude Literary Festival 2026 - A Literary Treat for All the Family — Woodlands Manor Farm,"Discover the Bude Literary Festival 13–17 May 2026. 89 events, a star-studded line-up & Woodlands Manor Farm, just 6 miles away, is the perfect base.",https://woodlandsmanorfarm.co.uk/bude-literary-festival-2026/,"index, follow","noindex, nofollow",1,Bude Literary Festival 2026 - A Literary Treat for All the Family,,"Woodlands Manor Farm — Holiday Cottages with a Pool in Bude, Cornwall",
/bude-whats-on-guide-october-half-term-2024/,200,200,https://woodlands-manor-farm.woodlands-manor-farm.workers.dev/bude-whats-on-guide-october-half-term-2024/,True,"Bude, What's on Guide - October Half Term 2024 — Woodlands Manor Farm","Ultimate what's on guide, Bude October Half Term. The coastal town is close to Woodlands Manor Farm, holiday cottages, and glamping yurts.",https://woodlandsmanorfarm.co.uk/bude-whats-on-guide-october-half-term-2024/,"index, follow","noindex, nofollow",1,"Bude, What's on Guide - October Half Term 2024",,"Woodlands Manor Farm — Holiday Cottages with a Pool in Bude, Cornwall",
/budhyn-yurt/,200,200,https://woodlands-manor-farm.woodlands-manor-farm.workers.dev/budhyn-yurt/,True,Budhyn Yurt — Glamping in Bude — Woodlands Manor Farm,"Authentic Mongolian yurt in a secluded spot by the pond — wood burner, private kitchen & bathroom, sleeps 4.",https://woodlandsmanorfarm.co.uk/budhyn-yurt/,"index, follow","noindex, nofollow",1,Budhyn Yurt — Woodlands Manor Farm,,"Woodlands Manor Farm — Holiday Cottages with a Pool in Bude, Cornwall",
/bush-inn-morwenstow-best-pub-cornwall/,200,200,https://woodlands-manor-farm.woodlands-manor-farm.workers.dev/bush-inn-morwenstow-best-pub-cornwall/,True,The Bush Inn Morwenstow Ranked #2 in Cornwall's Best Pubs — Woodlands Manor Farm,"The Bush Inn in Morwenstow, Bude —ranked #2 in Cornwall’s best pubs. Enjoy great food, sea views, live music, and local charm during your stay.",https://woodlandsmanorfarm.co.uk/bush-inn-morwenstow-best-pub-cornwall/,"index, follow","noindex, nofollow",1,The Bush Inn Morwenstow Ranked #2 in Cornwall's Best Pubs,,"Woodlands Manor Farm — Holiday Cottages with a Pool in Bude, Cornwall",
/christmas-in-bude-2025/,200,200,https://woodlands-manor-farm.woodlands-manor-farm.workers.dev/christmas-in-bude-2025/,True,Christmas In Bude 2025 — Woodlands Manor Farm,"Experience the magic of Christmas in Bude with festive events, markets, and the unforgettable Christmas Day swim in 2025.",https://woodlandsmanorfarm.co.uk/christmas-in-bude-2025/,"index, follow","noindex, nofollow",1,Christmas In Bude 2025,,"Woodlands Manor Farm — Holiday Cottages with a Pool in Bude, Cornwall",
/contact-us/,200,200,https://woodlands-manor-farm.woodlands-manor-farm.workers.dev/contact-us/,True,Contact Us — Woodlands Manor Farm,"Get in touch with Woodlands Manor Farm — phone, email, address, directions and the contact form.",https://woodlandsmanorfarm.co.uk/contact-us/,"index, follow","noindex, nofollow",1,"Woodlands Manor Farm — Holiday Cottages with a Pool in Bude, Cornwall",https://woodlandsmanorfarm.co.uk/,"Woodlands Manor Farm — Holiday Cottages with a Pool in Bude, Cornwall",
/discover-the-best-glamping-spots-in-cornwall-for-2025/,200,200,https://woodlands-manor-farm.woodlands-manor-farm.workers.dev/discover-the-best-glamping-spots-in-cornwall-for-2025/,True,Glamping Cornwall: Experience Nature in Luxury — Woodlands Manor Farm,Experience the ultimate glamping holiday in Cornwall. Immerse yourself in nature without sacrificing comfort at stunning locations in 2024.,https://woodlandsmanorfarm.co.uk/discover-the-best-glamping-spots-in-cornwall-for-2025/,"index, follow","noindex, nofollow",1,Glamping Cornwall: Experience Nature in Luxury,,"Woodlands Manor Farm — Holiday Cottages with a Pool in Bude, Cornwall",
/discover-the-breathtaking-cycling-routes-of-north-cornwall/,200,200,https://woodlands-manor-farm.woodlands-manor-farm.workers.dev/discover-the-breathtaking-cycling-routes-of-north-cornwall/,True,Discover the Breathtaking Cycling Routes of North Cornwall — Woodlands Manor Farm,"Enjoy a cycling experience you won't forget. From local routes to established cycling trails, our North Cornwall surroundings offer something for everyone.",https://woodlandsmanorfarm.co.uk/discover-the-breathtaking-cycling-routes-of-north-cornwall/,"index, follow","noindex, nofollow",1,Discover the Breathtaking Cycling Routes of North Cornwall,,"Woodlands Manor Farm — Holiday Cottages with a Pool in Bude, Cornwall",
/dog-friendly-holiday-cottages-bude/,200,200,https://woodlands-manor-farm.woodlands-manor-farm.workers.dev/dog-friendly-holiday-cottages-bude/,True,"Dog Friendly Holiday Cottages in Bude, Cornwall — Woodlands Manor Farm","Dog friendly holiday cottages and glamping yurts in Bude, North Cornwall. All nine properties welcome well-behaved dogs — 15 acres of off-lead woodland, an open meadow, dog-friendly beaches at Sandymouth and Duckpool, and dog-friendly pubs nearby. £25 per dog.",https://woodlandsmanorfarm.co.uk/dog-friendly-holiday-cottages-bude/,"index, follow","noindex, nofollow",1,"Dog Friendly Holiday Cottages in Bude, Cornwall — Woodlands Manor Farm",,"Woodlands Manor Farm — Holiday Cottages with a Pool in Bude, Cornwall",
/dog-rules/,200,200,https://woodlands-manor-farm.woodlands-manor-farm.workers.dev/dog-rules/,True,Dog Rules — Woodlands Manor Farm,Our dog policy at Woodlands Manor Farm — well-behaved dogs are very welcome in every cottage and yurt.,https://woodlandsmanorfarm.co.uk/dog-rules/,"index, follow","noindex, nofollow",1,"Woodlands Manor Farm — Holiday Cottages with a Pool in Bude, Cornwall",https://woodlandsmanorfarm.co.uk/,"Woodlands Manor Farm — Holiday Cottages with a Pool in Bude, Cornwall",
/exciting-events-aplenty-in-bude-this-summer/,200,200,https://woodlands-manor-farm.woodlands-manor-farm.workers.dev/exciting-events-aplenty-in-bude-this-summer/,True,Exciting Events Aplenty in Bude this Summer — Woodlands Manor Farm,There are a number of amazing events planned in Bude this summer and Woodlands Manor Farm offers the perfect base to get involved and make the most of them.,https://woodlandsmanorfarm.co.uk/exciting-events-aplenty-in-bude-this-summer/,"index, follow","noindex, nofollow",1,Exciting Events Aplenty in Bude this Summer,,"Woodlands Manor Farm — Holiday Cottages with a Pool in Bude, Cornwall",
/experience-an-unforgettable-family-winter-break/,200,200,https://woodlands-manor-farm.woodlands-manor-farm.workers.dev/experience-an-unforgettable-family-winter-break/,True,Experience an Unforgettable Winter Break for the Whole Family — Woodlands Manor Farm,At Woodlands Manor Farm our family holiday cottages and luxury yurts are the ideal destination for a memorable Winter break with the whole family.,https://woodlandsmanorfarm.co.uk/experience-an-unforgettable-family-winter-break/,"index, follow","noindex, nofollow",1,Experience an Unforgettable Winter Break for the Whole Family,,"Woodlands Manor Farm — Holiday Cottages with a Pool in Bude, Cornwall",
/experiences-weddings-events/,200,200,https://woodlands-manor-farm.woodlands-manor-farm.workers.dev/experiences-weddings-events/,True,"Experiences, Weddings & Events — Woodlands Manor Farm","Hire Woodlands Manor Farm exclusively for weddings, family celebrations, retreats — or join the Feed the Animals tour, pony experience or a surf lesson.",https://woodlandsmanorfarm.co.uk/experiences-weddings-events/,"index, follow","noindex, nofollow",1,"Woodlands Manor Farm — Holiday Cottages with a Pool in Bude, Cornwall",https://woodlandsmanorfarm.co.uk/,"Woodlands Manor Farm — Holiday Cottages with a Pool in Bude, Cornwall",
/fenton-yurt/,200,200,https://woodlands-manor-farm.woodlands-manor-farm.workers.dev/fenton-yurt/,True,Fenton Yurt — Glamping in Bude — Woodlands Manor Farm,"Sister yurt to Budhyn, nestled by the woodland — wood burner, private kitchen & bathroom, sleeps 4.",https://woodlandsmanorfarm.co.uk/fenton-yurt/,"index, follow","noindex, nofollow",1,Fenton Yurt — Woodlands Manor Farm,,"Woodlands Manor Farm — Holiday Cottages with a Pool in Bude, Cornwall",
/fishing-in-and-around-bude/,301,200,https://woodlands-manor-farm.woodlands-manor-farm.workers.dev/things-to-do-in-bude/,True,Things to Do in Bude — Woodlands Manor Farm,"Beaches, surf schools, coastal walks, gardens and family days out within easy reach of Woodlands Manor Farm.",https://woodlandsmanorfarm.co.uk/things-to-do-in-bude/,"index, follow","noindex, nofollow",1,"Woodlands Manor Farm — Holiday Cottages with a Pool in Bude, Cornwall",https://woodlandsmanorfarm.co.uk/,"Woodlands Manor Farm — Holiday Cottages with a Pool in Bude, Cornwall",Metadata belongs to redirect destination
/holiday-cottage-direct-booking-woodlands-cornwall/,200,200,https://woodlands-manor-farm.woodlands-manor-farm.workers.dev/holiday-cottage-direct-booking-woodlands-cornwall/,True,Book Direct — Best Price Guaranteed — Woodlands Manor Farm,"Book a holiday cottage or yurt direct with Woodlands Manor Farm — no booking fees, best price guaranteed, talk to Andy & Ruth direct.",https://woodlandsmanorfarm.co.uk/holiday-cottage-direct-booking-woodlands-cornwall/,"index, follow","noindex, nofollow",1,"Woodlands Manor Farm — Holiday Cottages with a Pool in Bude, Cornwall",https://woodlandsmanorfarm.co.uk/,"Woodlands Manor Farm — Holiday Cottages with a Pool in Bude, Cornwall",
/holiday-cottage-inventory/,200,200,https://woodlands-manor-farm.woodlands-manor-farm.workers.dev/holiday-cottage-inventory/,True,Holiday Cottage Inventory — Woodlands Manor Farm,"Every appliance, utensil and amenity provided in our self-catering cottages and yurts at Woodlands Manor Farm.",https://woodlandsmanorfarm.co.uk/holiday-cottage-inventory/,"index, follow","noindex, nofollow",1,"Woodlands Manor Farm — Holiday Cottages with a Pool in Bude, Cornwall",https://woodlandsmanorfarm.co.uk/,"Woodlands Manor Farm — Holiday Cottages with a Pool in Bude, Cornwall",
/honeysuckle-cottage/,200,200,https://woodlands-manor-farm.woodlands-manor-farm.workers.dev/honeysuckle-cottage/,True,Honeysuckle Cottage — Sleeps 2 — Woodlands Manor Farm,Intimate one-bedroom cottage ideal for couples.,https://woodlandsmanorfarm.co.uk/honeysuckle-cottage/,"index, follow","noindex, nofollow",1,Honeysuckle Cottage — Woodlands Manor Farm,,"Woodlands Manor Farm — Holiday Cottages with a Pool in Bude, Cornwall",
/jasmine-cottage/,200,200,https://woodlands-manor-farm.woodlands-manor-farm.workers.dev/jasmine-cottage/,True,Jasmine Cottage — Sleeps 6 — Woodlands Manor Farm,Light-filled cottage with a private patio overlooking the meadow.,https://woodlandsmanorfarm.co.uk/jasmine-cottage/,"index, follow","noindex, nofollow",1,Jasmine Cottage — Woodlands Manor Farm,,"Woodlands Manor Farm — Holiday Cottages with a Pool in Bude, Cornwall",
/lavender-cottage/,200,200,https://woodlands-manor-farm.woodlands-manor-farm.workers.dev/lavender-cottage/,True,Lavender Cottage — Sleeps 4 — Woodlands Manor Farm,Cosy stone cottage with woodburner and country-style kitchen.,https://woodlandsmanorfarm.co.uk/lavender-cottage/,"index, follow","noindex, nofollow",1,Lavender Cottage — Woodlands Manor Farm,,"Woodlands Manor Farm — Holiday Cottages with a Pool in Bude, Cornwall",
/local-surf-schools-bude/,301,200,https://woodlands-manor-farm.woodlands-manor-farm.workers.dev/things-to-do-in-bude/,True,Things to Do in Bude — Woodlands Manor Farm,"Beaches, surf schools, coastal walks, gardens and family days out within easy reach of Woodlands Manor Farm.",https://woodlandsmanorfarm.co.uk/things-to-do-in-bude/,"index, follow","noindex, nofollow",1,"Woodlands Manor Farm — Holiday Cottages with a Pool in Bude, Cornwall",https://woodlandsmanorfarm.co.uk/,"Woodlands Manor Farm — Holiday Cottages with a Pool in Bude, Cornwall",Metadata belongs to redirect destination
/news/,200,200,https://woodlands-manor-farm.woodlands-manor-farm.workers.dev/news/,True,News & Stories — Woodlands Manor Farm,"News, guides and stories from Woodlands Manor Farm — Bude, Cornwall and what's on at the farm.",https://woodlandsmanorfarm.co.uk/news/,"index, follow","noindex, nofollow",1,"Woodlands Manor Farm — Holiday Cottages with a Pool in Bude, Cornwall",https://woodlandsmanorfarm.co.uk/,"Woodlands Manor Farm — Holiday Cottages with a Pool in Bude, Cornwall",
/on-the-farm/,200,200,https://woodlands-manor-farm.woodlands-manor-farm.workers.dev/on-the-farm/,True,Farm Holidays in Cornwall — Stay on a Real Cornish Farm — Woodlands Manor Farm,"Farm holidays in Bude, North Cornwall — stay on a real Cornish farm with free animal feeding twice a week, pony experiences, alpacas, pigs, goats and chickens, plus a heated indoor pool and cottages sleeping 2 to 12.",https://woodlandsmanorfarm.co.uk/on-the-farm/,"index, follow","noindex, nofollow",1,"Woodlands Manor Farm — Holiday Cottages with a Pool in Bude, Cornwall",https://woodlandsmanorfarm.co.uk/,"Woodlands Manor Farm — Holiday Cottages with a Pool in Bude, Cornwall",
/our-brand-new-yurts-are-now-open/,200,200,https://woodlands-manor-farm.woodlands-manor-farm.workers.dev/our-brand-new-yurts-are-now-open/,True,Our Brand New Yurts are now Open! — Woodlands Manor Farm,Our new Yurts are the perfect location for a relaxing glamping getaway. Enjoy the perfect balance of luxury and the stunning outdoors at Woodlands Manor Farm.,https://woodlandsmanorfarm.co.uk/our-brand-new-yurts-are-now-open/,"index, follow","noindex, nofollow",1,Our Brand New Yurts are now Open!,,"Woodlands Manor Farm — Holiday Cottages with a Pool in Bude, Cornwall",
/places-to-eat-in-bude/,200,200,https://woodlands-manor-farm.woodlands-manor-farm.workers.dev/places-to-eat-in-bude/,True,Places to Eat in Bude — Woodlands Manor Farm,"Our hand-picked guide to restaurants, pubs, cafés and beach cafes near Bude.",https://woodlandsmanorfarm.co.uk/places-to-eat-in-bude/,"index, follow","noindex, nofollow",1,"Woodlands Manor Farm — Holiday Cottages with a Pool in Bude, Cornwall",https://woodlandsmanorfarm.co.uk/,"Woodlands Manor Farm — Holiday Cottages with a Pool in Bude, Cornwall",
/privacy/,200,200,https://woodlands-manor-farm.woodlands-manor-farm.workers.dev/privacy/,False,Privacy Policy — Woodlands Manor Farm,"How Woodlands Manor Farm collects, uses and protects your personal data.",https://woodlandsmanorfarm.co.uk/privacy/,"noindex, follow","noindex, nofollow",1,"Woodlands Manor Farm — Holiday Cottages with a Pool in Bude, Cornwall",https://woodlandsmanorfarm.co.uk/,"Woodlands Manor Farm — Holiday Cottages with a Pool in Bude, Cornwall",
/reviews/,200,200,https://woodlands-manor-farm.woodlands-manor-farm.workers.dev/reviews/,True,Guest Reviews — Woodlands Manor Farm,"Real guest reviews of Woodlands Manor Farm — rated 4.9 out of 5 across 116 Google reviews, plus 5-star ratings on TripAdvisor, Booking.com and Airbnb.",https://woodlandsmanorfarm.co.uk/reviews/,"index, follow","noindex, nofollow",1,"Woodlands Manor Farm — Holiday Cottages with a Pool in Bude, Cornwall",https://woodlandsmanorfarm.co.uk/,"Woodlands Manor Farm — Holiday Cottages with a Pool in Bude, Cornwall",
/rose-cottage/,200,200,https://woodlands-manor-farm.woodlands-manor-farm.workers.dev/rose-cottage/,True,Rose Cottage — Sleeps 8 — Woodlands Manor Farm,"Two-lounge converted barn with stone fireplace, sleeps 8.",https://woodlandsmanorfarm.co.uk/rose-cottage/,"index, follow","noindex, nofollow",1,Rose Cottage — Woodlands Manor Farm,,"Woodlands Manor Farm — Holiday Cottages with a Pool in Bude, Cornwall",
/sea-fishing-with-alastair-james-charters/,200,200,https://woodlands-manor-farm.woodlands-manor-farm.workers.dev/sea-fishing-with-alastair-james-charters/,True,Sea Fishing with Alastair James Charters - around the North Devon and Cornwall Coastline — Woodlands Manor Farm,Experience the thrill of sea fishing in Devon and Cornwall with Alastair James Charters. Book your fishing adventure today!,https://woodlandsmanorfarm.co.uk/sea-fishing-with-alastair-james-charters/,"index, follow","noindex, nofollow",1,Sea Fishing with Alastair James Charters - around the North Devon and Cornwall Coastline,,"Woodlands Manor Farm — Holiday Cottages with a Pool in Bude, Cornwall",
/shopping-in-bude-unique-gifts-and-independent-stores/,200,200,https://woodlands-manor-farm.woodlands-manor-farm.workers.dev/shopping-in-bude-unique-gifts-and-independent-stores/,True,Shopping in Bude: Unique Gifts and Independent Stores — Woodlands Manor Farm,"Shopping in Bude? Discover our favourite Independent and local stories in Bude, Cornwall — from independent boutiques and artisan gift shops to local galleries and stylish clothing stores.",https://woodlandsmanorfarm.co.uk/shopping-in-bude-unique-gifts-and-independent-stores/,"index, follow","noindex, nofollow",1,Shopping in Bude: Unique Gifts and Independent Stores,,"Woodlands Manor Farm — Holiday Cottages with a Pool in Bude, Cornwall",
/special-offers/,200,200,https://woodlands-manor-farm.woodlands-manor-farm.workers.dev/special-offers/,True,Special Offers — Woodlands Manor Farm,"Last-minute deals, seasonal breaks, multi-night discounts and returning guest offers at Woodlands Manor Farm in Bude, Cornwall.",https://woodlandsmanorfarm.co.uk/special-offers/,"index, follow","noindex, nofollow",1,"Woodlands Manor Farm — Holiday Cottages with a Pool in Bude, Cornwall",https://woodlandsmanorfarm.co.uk/,"Woodlands Manor Farm — Holiday Cottages with a Pool in Bude, Cornwall",
/summerleaze-beach-top-20-uk-beach-l/,200,200,https://woodlands-manor-farm.woodlands-manor-farm.workers.dev/summerleaze-beach-top-20-uk-beach-l/,True,Summerleaze Beach - Top 50 UK Beach — Woodlands Manor Farm,"All in Bude are super proud that Summerleaze Beach, has been celebrated as one of the top 50 beaches in the UK by The Times newspaper.",https://woodlandsmanorfarm.co.uk/summerleaze-beach-top-20-uk-beach-l/,"index, follow","noindex, nofollow",1,Summerleaze Beach - Top 50 UK Beach,,"Woodlands Manor Farm — Holiday Cottages with a Pool in Bude, Cornwall",
/tee-off-in-bude-and-enjoy-a-perfect-cornish-golfing-getaway/,200,200,https://woodlands-manor-farm.woodlands-manor-farm.workers.dev/tee-off-in-bude-and-enjoy-a-perfect-cornish-golfing-getaway/,True,Enjoy the Top 5 Golf Courses in Bude - North Cornwall — Woodlands Manor Farm,"Check out our top 5 golf courses. Seasoned pro or casual player, Woodlands Manor Farm is the ideal base for your Cornish golfing getaway.",https://woodlandsmanorfarm.co.uk/tee-off-in-bude-and-enjoy-a-perfect-cornish-golfing-getaway/,"index, follow","noindex, nofollow",1,Enjoy the Top 5 Golf Courses in Bude - North Cornwall,,"Woodlands Manor Farm — Holiday Cottages with a Pool in Bude, Cornwall",
/terms-conditions/,200,200,https://woodlands-manor-farm.woodlands-manor-farm.workers.dev/terms-conditions/,False,Terms & Conditions — Woodlands Manor Farm,"Booking terms and conditions for stays at Woodlands Manor Farm in Bude, Cornwall.",https://woodlandsmanorfarm.co.uk/terms-conditions/,"noindex, follow","noindex, nofollow",1,"Woodlands Manor Farm — Holiday Cottages with a Pool in Bude, Cornwall",https://woodlandsmanorfarm.co.uk/,"Woodlands Manor Farm — Holiday Cottages with a Pool in Bude, Cornwall",
/the-animals-at-woodlands/,200,200,https://woodlands-manor-farm.woodlands-manor-farm.workers.dev/the-animals-at-woodlands/,True,Meet the Farm Animals — Free Feed the Animals Sessions — Woodlands Manor Farm,"Meet the alpacas, ponies, pygmy goats, Kune Kune pigs, sheep, rabbits and Growler the farm cat at Woodlands Manor Farm, Bude. Free Feed the Animals sessions every Sunday (8.30am) and Wednesday (8am) for all guests.",https://woodlandsmanorfarm.co.uk/the-animals-at-woodlands/,"index, follow","noindex, nofollow",1,"Woodlands Manor Farm — Holiday Cottages with a Pool in Bude, Cornwall",https://woodlandsmanorfarm.co.uk/,"Woodlands Manor Farm — Holiday Cottages with a Pool in Bude, Cornwall",
/the-best-bude-restaurants/,200,200,https://woodlands-manor-farm.woodlands-manor-farm.workers.dev/the-best-bude-restaurants/,True,Discover the Best Bude Restaurants — Woodlands Manor Farm,"Discover the best Bude restaurants, our top picks includes something for everyone from the best in Bude Posh dining to relaxing beach cafes.",https://woodlandsmanorfarm.co.uk/the-best-bude-restaurants/,"index, follow","noindex, nofollow",1,Discover the Best Bude Restaurants,,"Woodlands Manor Farm — Holiday Cottages with a Pool in Bude, Cornwall",
/the-coach-house/,200,200,https://woodlands-manor-farm.woodlands-manor-farm.workers.dev/the-coach-house/,True,The Coach House — Sleeps 2 — Woodlands Manor Farm,Ivy-clad couples' retreat with vaulted beams and super-king bed.,https://woodlandsmanorfarm.co.uk/the-coach-house/,"index, follow","noindex, nofollow",1,The Coach House — Woodlands Manor Farm,,"Woodlands Manor Farm — Holiday Cottages with a Pool in Bude, Cornwall",
/the-little-extras/,200,200,https://woodlands-manor-farm.woodlands-manor-farm.workers.dev/the-little-extras/,True,The Little Extras — Woodlands Manor Farm,"Welcome packs, breakfast hampers, a private chef, in-cottage spa treatments, grocery delivery and EV charging — the optional extras you can arrange before your stay.",https://woodlandsmanorfarm.co.uk/the-little-extras/,"index, follow","noindex, nofollow",1,"Woodlands Manor Farm — Holiday Cottages with a Pool in Bude, Cornwall",https://woodlandsmanorfarm.co.uk/,"Woodlands Manor Farm — Holiday Cottages with a Pool in Bude, Cornwall",
/the-magic-of-feed-the-animals/,200,200,https://woodlands-manor-farm.woodlands-manor-farm.workers.dev/the-magic-of-feed-the-animals/,True,The Magic of Feed The Animals — Woodlands Manor Farm,"Join us at Woodlands Manor Farm to feed the animals and create unforgettable memories with rabbits, goats, and more.",https://woodlandsmanorfarm.co.uk/the-magic-of-feed-the-animals/,"index, follow","noindex, nofollow",1,The Magic of Feed The Animals,,"Woodlands Manor Farm — Holiday Cottages with a Pool in Bude, Cornwall",
/the-manor-house/,200,200,https://woodlands-manor-farm.woodlands-manor-farm.workers.dev/the-manor-house/,True,The Manor House — Sleeps 12 — Woodlands Manor Farm,"The original 17th-century farmhouse — six bedrooms, sleeps twelve, perfect for large family gatherings.",https://woodlandsmanorfarm.co.uk/the-manor-house/,"index, follow","noindex, nofollow",1,The Manor House — Woodlands Manor Farm,,"Woodlands Manor Farm — Holiday Cottages with a Pool in Bude, Cornwall",
/the-stables/,200,200,https://woodlands-manor-farm.woodlands-manor-farm.workers.dev/the-stables/,True,The Stables — Sleeps 4 — Woodlands Manor Farm,Single-storey conversion with valley views and freestanding bath.,https://woodlandsmanorfarm.co.uk/the-stables/,"index, follow","noindex, nofollow",1,The Stables — Woodlands Manor Farm,,"Woodlands Manor Farm — Holiday Cottages with a Pool in Bude, Cornwall",
/things-to-do-in-bude/,200,200,https://woodlands-manor-farm.woodlands-manor-farm.workers.dev/things-to-do-in-bude/,True,Things to Do in Bude — Woodlands Manor Farm,"Beaches, surf schools, coastal walks, gardens and family days out within easy reach of Woodlands Manor Farm.",https://woodlandsmanorfarm.co.uk/things-to-do-in-bude/,"index, follow","noindex, nofollow",1,"Woodlands Manor Farm — Holiday Cottages with a Pool in Bude, Cornwall",https://woodlandsmanorfarm.co.uk/,"Woodlands Manor Farm — Holiday Cottages with a Pool in Bude, Cornwall",
/top-10-reasons-why-bude-is-perfect-for-family-holidays-in-cornwall/,200,200,https://woodlands-manor-farm.woodlands-manor-farm.workers.dev/top-10-reasons-why-bude-is-perfect-for-family-holidays-in-cornwall/,True,"10 Reasons Bude offers the Perfect Family-Friendly Holidays, Cornwall — Woodlands Manor Farm",Explore the best family-friendly holidays in Cornwall with Bude's stunning beaches and attractions that everyone will love.,https://woodlandsmanorfarm.co.uk/top-10-reasons-why-bude-is-perfect-for-family-holidays-in-cornwall/,"index, follow","noindex, nofollow",1,"10 Reasons Bude offers the Perfect Family-Friendly Holidays, Cornwall",,"Woodlands Manor Farm — Holiday Cottages with a Pool in Bude, Cornwall",
/top-holiday-ideas-bude/,200,200,https://woodlands-manor-farm.woodlands-manor-farm.workers.dev/top-holiday-ideas-bude/,True,"Top Holiday Ideas for Woodlands Manor Farm, Bude — Woodlands Manor Farm","Family Holiday Cottages North Cornwall Holiday Ideas for Woodlands Manor Farm – Bude  The Summer holiday season will be here before you know it, so here are a few of our favorite things to do when staying at Woodlands Manor Farm,  Bude. Hope you have fun making a short list! Walking We are extremely lucky…",https://woodlandsmanorfarm.co.uk/top-holiday-ideas-bude/,"index, follow","noindex, nofollow",1,"Top Holiday Ideas for Woodlands Manor Farm, Bude",,"Woodlands Manor Farm — Holiday Cottages with a Pool in Bude, Cornwall",
/website-terms/,200,200,https://woodlands-manor-farm.woodlands-manor-farm.workers.dev/website-terms/,False,Website Terms & Conditions — Woodlands Manor Farm,"Terms and conditions for using the Woodlands Manor Farm website, mailing list and live chat.",https://woodlandsmanorfarm.co.uk/website-terms/,"noindex, follow","noindex, nofollow",1,"Woodlands Manor Farm — Holiday Cottages with a Pool in Bude, Cornwall",https://woodlandsmanorfarm.co.uk/,"Woodlands Manor Farm — Holiday Cottages with a Pool in Bude, Cornwall",
/what-our-visitors-say-about-their-stay-at-woodlands-manor-farm/,200,200,https://woodlands-manor-farm.woodlands-manor-farm.workers.dev/what-our-visitors-say-about-their-stay-at-woodlands-manor-farm/,False,What Our Visitors Say — Woodlands Manor Farm,"What guests say about staying at Woodlands Manor Farm in Bude, Cornwall.",https://woodlandsmanorfarm.co.uk/reviews/,"index, follow","noindex, nofollow",1,"Woodlands Manor Farm — Holiday Cottages with a Pool in Bude, Cornwall",https://woodlandsmanorfarm.co.uk/,"Woodlands Manor Farm — Holiday Cottages with a Pool in Bude, Cornwall",
/whats-on-in-bude-cornwall-february-half-term/,301,200,https://woodlands-manor-farm.woodlands-manor-farm.workers.dev/news/,True,News & Stories — Woodlands Manor Farm,"News, guides and stories from Woodlands Manor Farm — Bude, Cornwall and what's on at the farm.",https://woodlandsmanorfarm.co.uk/news/,"index, follow","noindex, nofollow",1,"Woodlands Manor Farm — Holiday Cottages with a Pool in Bude, Cornwall",https://woodlandsmanorfarm.co.uk/,"Woodlands Manor Farm — Holiday Cottages with a Pool in Bude, Cornwall",Metadata belongs to redirect destination
/wild-swimming-delights-near-woodlands-manor-farm/,200,200,https://woodlands-manor-farm.woodlands-manor-farm.workers.dev/wild-swimming-delights-near-woodlands-manor-farm/,True,Wild Swimming Delights near Woodlands Manor Farm — Woodlands Manor Farm,Woodlands Manor Farm has some of Cornwall's best wild swimming spots. Wild swimming is the perfect way to reconnect with nature during your stay at the farm.,https://woodlandsmanorfarm.co.uk/wild-swimming-delights-near-woodlands-manor-farm/,"index, follow","noindex, nofollow",1,Wild Swimming Delights near Woodlands Manor Farm,,"Woodlands Manor Farm — Holiday Cottages with a Pool in Bude, Cornwall",
/woodlands-manor-farm-local-beaches/,301,200,https://woodlands-manor-farm.woodlands-manor-farm.workers.dev/things-to-do-in-bude/,True,Things to Do in Bude — Woodlands Manor Farm,"Beaches, surf schools, coastal walks, gardens and family days out within easy reach of Woodlands Manor Farm.",https://woodlandsmanorfarm.co.uk/things-to-do-in-bude/,"index, follow","noindex, nofollow",1,"Woodlands Manor Farm — Holiday Cottages with a Pool in Bude, Cornwall",https://woodlandsmanorfarm.co.uk/,"Woodlands Manor Farm — Holiday Cottages with a Pool in Bude, Cornwall",Metadata belongs to redirect destination
/woodlands-manor-farm-wins-6-booking-com-traveller-choice-awards/,200,200,https://woodlands-manor-farm.woodlands-manor-farm.workers.dev/woodlands-manor-farm-wins-6-booking-com-traveller-choice-awards/,True,Woodlands Manor Farm Wins 6 Booking.com Traveller Choice Awards — Woodlands Manor Farm,Woodlands Manor Farm celebrates 6 Travellers’ Choice Awards for its holiday cottages in Cornwall. Discover why guests love staying with us—and why booking direct gets you the best deal.,https://woodlandsmanorfarm.co.uk/woodlands-manor-farm-wins-6-booking-com-traveller-choice-awards/,"index, follow","noindex, nofollow",1,Woodlands Manor Farm Wins 6 Booking.com Traveller Choice Awards,,"Woodlands Manor Farm — Holiday Cottages with a Pool in Bude, Cornwall",
/yurts/,200,200,https://woodlands-manor-farm.woodlands-manor-farm.workers.dev/yurts/,True,Glamping Yurts in Cornwall — Luxury Mongolian Yurts near Bude — Woodlands Manor Farm,"Luxury glamping in Cornwall — two authentic hand-crafted Mongolian yurts at Woodlands Manor Farm near Bude. Kingsize bed and two singles, high-end wood burner, private kitchen and bathroom, dogs welcome, open all year, with access to the heated indoor pool. Sleeps 4 each.",https://woodlandsmanorfarm.co.uk/yurts/,"index, follow","noindex, nofollow",1,"Glamping Yurts in Cornwall — Woodlands Manor Farm, Bude",,"Woodlands Manor Farm — Holiday Cottages with a Pool in Bude, Cornwall",
